Year,price_to_earning,price_to_book,dividend,roe,roa,earning_per_share,book_value_per_share,interest_margin,non_interest_on_toi,bad_debt_percentage,provision_on_bad_debt,cost_of_financing,equity_on_total_asset,equity_on_loan,cost_to_income,equity_on_liability,eps_change,asset_on_equity,pre_provision_on_toi,post_tax_on_toi,loan_on_earn_asset,loan_on_asset,loan_on_deposit,deposit_on_earn_asset,bad_debt_on_asset,liquidity_on_liability,payable_on_equity,cancel_debt,book_value_per_share_change,credit_growth,ticker,value_before_ebitda,days_receivable,days_inventory,days_payable,ebit_on_interest,current_payment,quick_payment,ebitda_on_stock,gross_profit_margin,operating_profit_margin,post_tax_margin,debt_on_equity,debt_on_asset,debt_on_ebitda,short_on_long_debt,capital_balance,cash_on_equity,cash_on_capitalize,cash_circulation,revenue_on_work_capital,capex_on_fixed_asset,revenue_on_asset,post_tax_on_pre_tax,ebit_on_revenue,pre_tax_on_ebit,ebitda_on_stock_change
2024,5.9,1.1,,0.221,0.022,3709,19182,0.041,0.257,0.016,0.922,0.032,0.104,0.151,0.307,0.1,0.095,9.6,0.552,0.414,0.713,0.688,1.088,0.655,0.011,0.324,8.6,0.014,0.21,0.271,MBB,,,,,,,,,,,,,,,,,,,,,,,,,,
2023,4.7,1.0,0.032,0.245,0.025,3388,15848,0.048,0.182,0.016,1.17,0.044,0.102,0.158,0.315,0.1,0.028,9.8,0.548,0.445,0.675,0.647,1.077,0.627,0.01,0.364,8.8,0.012,0.056,0.327,MBB,,,,,,,,,,,,,,,,,,,,,,,,,,
2022,4.3,0.9,0.035,0.258,0.026,3294,15003,0.057,0.21,0.011,2.38,0.029,0.109,0.173,0.325,0.1,0.353,9.2,0.539,0.398,0.672,0.632,1.038,0.647,0.007,0.371,8.2,0.012,0.252,0.267,MBB,,,,,,,,,,,,,,,,,,,,,,,,,,
2021,9.9,2.0,,0.236,0.023,2435,11984,0.05,0.291,0.009,2.68,0.027,0.103,0.172,0.335,0.1,0.336,9.7,0.532,0.358,0.643,0.599,0.945,0.68,0.005,0.394,8.7,0.011,0.085,0.219,MBB,,,,,,,,,,,,,,,,,,,,,,,,,,
2020,7.8,1.3,,0.192,0.018,1822,11049,0.047,0.259,0.011,1.341,0.033,0.101,0.168,0.386,0.1,-0.12,9.9,0.495,0.315,0.645,0.603,0.959,0.673,0.007,0.387,8.9,0.018,0.047,0.192,MBB,,,,,,,,,,,,,,,,,,,,,,,,,,
2019,6.5,1.3,,0.221,0.02,2070,10556,0.049,0.27,0.012,1.105,0.04,0.097,0.159,0.394,0.1,0.28,10.3,0.487,0.327,0.645,0.608,0.918,0.702,0.007,0.388,9.3,0.021,0.167,0.166,MBB,,,,,,,,,,,,,,,,,,,,,,,,,,
2018,7.0,1.2,0.06,0.201,0.018,1617,9044,0.045,0.254,0.013,1.123,0.035,0.094,0.159,0.447,0.1,0.737,10.6,0.441,0.317,0.628,0.593,0.895,0.702,0.008,0.403,9.6,0.01,0.154,0.166,MBB,,,,,,,,,,,,,,,,,,,,,,,,,,
2017,13.0,1.5,0.06,0.132,0.012,931,7834,0.041,0.191,0.012,0.959,0.035,0.094,0.161,0.433,0.1,0.209,10.6,0.429,0.252,0.622,0.587,0.837,0.744,0.007,0.41,9.6,0.019,0.113,0.222,MBB,,,,,,,,,,,,,,,,,,,,,,,,,,
2016,7.9,0.9,0.06,0.121,0.012,770,7037,0.035,0.19,0.013,1.032,0.037,0.104,0.176,0.424,0.1,0.167,9.6,0.455,0.293,0.624,0.588,0.774,0.806,0.008,0.407,8.6,0.014,0.147,0.242,MBB,,,,,,,,,,,,,,,,,,,,,,,,,,
2015,9.2,1.0,0.05,0.127,0.012,660,6135,0.037,0.166,0.016,1.014,0.034,0.105,0.191,0.393,0.1,0.008,9.5,0.473,0.286,0.585,0.549,0.668,0.875,0.009,0.454,8.5,0.023,0.4,0.207,MBB,,,,,,,,,,,,,,,,,,,,,,,,,,
2014,,,0.07,0.156,0.013,655,4383,0.039,0.153,0.027,0.897,0.04,0.083,0.165,0.375,0.1,0.088,12.1,0.493,0.301,0.537,0.502,0.6,0.895,0.014,0.499,11.1,0.014,0.093,0.146,MBB,,,,,,,,,,,,,,,,,,,,,,,,,,
2013,,,0.08,0.162,0.013,602,4009,0.037,0.201,0.024,0.825,0.047,0.084,0.173,0.359,0.1,-0.013,11.9,0.485,0.298,0.527,0.486,0.645,0.817,0.012,0.504,10.9,0.018,0.178,0.178,MBB,,,,,,,,,,,,,,,,,,,,,,,,,,
2012,,,0.12,0.205,0.015,610,3404,0.045,0.155,0.018,0.957,0.065,0.073,0.173,0.345,0.1,0.084,13.7,0.492,0.297,0.452,0.424,0.633,0.714,0.008,0.575,12.6,0.027,0.334,0.261,MBB,,,,,,,,,,,,,,,,,,,,,,,,,,
2011,,,0.17,0.23,0.017,562,2551,0.046,-0.015,0.016,1.166,0.079,0.069,0.163,0.365,0.1,0.242,14.4,0.463,0.372,0.466,0.425,0.659,0.707,0.007,0.55,13.3,0.005,0.086,0.21,MBB,,,,,,,,,,,,,,,,,,,,,,,,,,
2010,,,,0.217,0.019,453,2350,0.042,0.139,0.013,1.204,0.067,0.081,0.182,0.307,0.1,0.564,12.3,0.529,0.427,0.488,0.445,0.742,0.658,0.006,0.542,11.2,0.007,0.29,0.649,MBB,,,,,,,,,,,,,,,,,,,,,,,,,,
2009,,,,0.194,0.019,289,1823,0.034,0.307,0.016,0.956,0.046,0.1,0.233,0.295,0.1,0.556,10.0,0.549,0.442,0.454,0.429,0.74,0.613,0.007,0.605,8.9,0.007,0.557,0.88,MBB,,,,,,,,,,,,,,,,,,,,,,,,,,
2008,,,,0.178,0.019,186,1170,0.041,0.133,0.018,0.857,0.072,0.1,0.281,0.339,0.1,0.428,10.0,0.534,0.425,0.386,0.355,0.579,0.665,0.006,0.674,9.0,0.009,0.271,0.355,MBB,,,,,,,,,,,,,,,,,,,,,,,,,,
2007,,,,,0.023,130,920,0.032,0.332,0.01,1.223,,0.117,0.3,0.22,0.1,1.249,8.5,0.631,0.52,0.42,0.392,0.653,0.643,0.004,0.665,7.5,0.017,1.52,0.936,MBB,,,,,,,,,,,,,,,,,,,,,,,,,,
2006,,,,,0.02,57,365,0.039,0.234,0.028,0.978,,0.101,0.23,0.202,0.1,1.008,9.9,0.649,0.423,0.492,0.441,0.582,0.845,0.012,0.605,8.9,0.012,1.169,0.395,MBB,,,,,,,,,,,,,,,,,,,,,,,,,,
2005,,,,,0.015,28,168,0.034,0.2,0.0,,,0.077,0.148,0.505,0.1,0.447,12.9,0.363,0.363,0.554,0.523,0.708,0.782,0.0,0.496,11.9,-0.015,0.321,0.236,MBB,,,,,,,,,,,,,,,,,,,,,,,,,,
2024,8.0,1.4,,0.186,0.011,4720,27654,0.029,0.238,0.012,1.747,0.031,0.062,0.086,0.275,0.1,0.274,16.1,0.581,0.311,0.743,0.722,1.072,0.693,0.009,0.289,15.1,0.012,0.18,0.169,CTG,,,,,,,,,,,,,,,,,,,,,,,,,,
2023,7.3,1.2,,0.171,0.01,3706,23439,0.029,0.249,0.011,1.672,0.045,0.062,0.085,0.29,0.1,0.176,16.1,0.57,0.284,0.756,0.725,1.044,0.723,0.008,0.271,15.1,0.019,0.162,0.156,CTG,,,,,,,,,,,,,,,,,,,,,,,,,,
2022,7.7,1.2,,0.169,0.01,3151,20170,0.03,0.255,0.012,1.859,0.037,0.06,0.085,0.299,0.1,0.201,16.7,0.563,0.265,0.75,0.705,1.021,0.735,0.009,0.275,15.7,0.017,0.157,0.128,CTG,,,,,,,,,,,,,,,,,,,,,,,,,,
2021,11.6,1.7,,0.159,0.01,2623,17439,0.03,0.214,0.013,1.804,0.033,0.061,0.083,0.323,0.1,-0.079,16.4,0.547,0.267,0.776,0.738,0.973,0.797,0.009,0.255,15.4,0.005,-0.019,0.114,CTG,,,,,,,,,,,,,,,,,,,,,,,,,,
2020,9.2,1.5,0.031,0.169,0.011,2849,17772,0.028,0.215,0.009,1.32,0.041,0.064,0.084,0.355,0.1,0.447,15.7,0.519,0.304,0.791,0.757,1.025,0.771,0.007,0.234,14.7,0.013,0.104,0.086,CTG,,,,,,,,,,,,,,,,,,,,,,,,,,
2019,8.1,1.0,0.031,0.132,0.008,1968,16096,0.028,0.181,0.012,1.197,0.046,0.062,0.083,0.388,0.1,0.794,16.0,0.492,0.234,0.784,0.754,1.048,0.748,0.009,0.236,15.0,0.015,0.149,0.081,CTG,,,,,,,,,,,,,,,,,,,,,,,,,,
2018,13.4,1.1,,0.081,0.005,1097,14007,0.02,0.219,0.016,0.953,0.053,0.058,0.078,0.495,0.1,-0.29,17.3,0.406,0.186,0.777,0.743,1.047,0.742,0.012,0.245,16.3,0.004,0.056,0.094,CTG,,,,,,,,,,,,,,,,,,,,,,,,,,
2017,12.0,1.4,,0.12,0.007,1546,13268,0.028,0.17,0.011,0.921,0.046,0.058,0.081,0.462,0.1,0.087,17.2,0.436,0.229,0.757,0.722,1.05,0.72,0.008,0.261,16.2,0.01,0.057,0.194,CTG,,,,,,,,,,,,,,,,,,,,,,,,,,
2016,7.5,0.8,0.07,0.118,0.008,1422,12548,0.027,0.153,0.01,1.023,0.044,0.064,0.091,0.486,0.1,0.2,15.7,0.411,0.259,0.734,0.698,1.011,0.726,0.007,0.284,14.7,0.004,0.075,0.23,CTG,,,,,,,,,,,,,,,,,,,,,,,,,,
2015,11.1,1.1,0.07,0.103,0.008,1185,11675,0.028,0.172,0.009,0.921,0.041,0.072,0.104,0.471,0.1,-0.003,13.9,0.411,0.251,0.73,0.69,1.092,0.669,0.006,0.291,12.9,0.009,0.02,0.223,CTG,,,,,,,,,,,,,,,,,,,,,,,,,,
2014,,,0.1,0.105,0.009,1188,11451,0.031,0.151,0.011,0.89,0.047,0.083,0.125,0.466,0.1,-0.014,12.0,0.419,0.272,0.711,0.665,1.037,0.686,0.007,0.315,11.0,0.007,0.018,0.169,CTG,,,,,,,,,,,,,,,,,,,,,,,,,,
2013,,,0.1,0.132,0.011,1205,11252,0.036,0.161,0.01,0.875,0.059,0.094,0.144,0.455,0.1,-0.058,10.7,0.408,0.267,0.697,0.653,1.032,0.675,0.007,0.331,9.7,0.013,0.608,0.129,CTG,,,,,,,,,,,,,,,,,,,,,,,,,,
2012,,,0.16,0.198,0.013,1280,6996,0.04,0.161,0.015,0.751,0.082,0.067,0.101,0.43,0.1,-0.015,15.0,0.431,0.281,0.704,0.662,1.153,0.611,0.01,0.317,14.0,0.012,0.18,0.136,CTG,,,,,,,,,,,,,,,,,,,,,,,,,,
2011,,,,0.268,0.015,1299,5928,0.051,0.104,0.008,1.378,0.107,0.062,0.097,0.406,0.1,0.817,16.2,0.443,0.28,0.673,0.637,1.141,0.59,0.005,0.352,15.2,0.018,0.568,0.253,CTG,,,,,,,,,,,,,,,,,,,,,,,,,,
2010,,,0.135,0.224,0.011,714,3780,0.041,0.186,0.007,1.8,0.082,0.049,0.078,0.484,0.1,0.336,20.2,0.383,0.232,0.67,0.637,1.137,0.589,0.004,0.351,19.2,0.009,0.445,0.435,CTG,,,,,,,,,,,,,,,,,,,,,,,,,,
2009,,,,0.207,0.012,535,2616,0.038,0.181,0.006,1.55,0.068,0.052,0.077,0.599,0.1,0.426,19.4,0.307,0.267,0.708,0.669,1.099,0.645,0.004,0.313,18.4,0.008,0.019,0.351,CTG,,,,,,,,,,,,,,,,,,,,,,,,,,
2008,,,,0.157,0.01,375,2566,0.041,0.173,0.018,0.983,0.108,0.064,0.102,0.57,0.1,0.57,15.7,0.318,0.208,0.654,0.624,0.993,0.659,0.011,0.38,14.7,0.008,0.159,0.182,CTG,,,,,,,,,,,,,,,,,,,,,,,,,,
2007,,,,,0.008,239,2215,0.032,0.296,0.0,,,0.064,0.104,0.416,0.1,0.907,15.6,0.439,0.173,0.639,0.615,0.909,0.703,0.0,0.398,14.6,0.007,0.888,0.275,CTG,,,,,,,,,,,,,,,,,,,,,,,,,,
2024,8.1,1.2,,0.156,0.024,3046,20940,0.042,0.244,0.011,1.139,0.033,0.151,0.234,0.327,0.2,0.195,6.6,0.532,0.463,0.686,0.645,1.184,0.579,0.007,0.365,5.6,0.004,0.124,0.218,TCB,,,,,,,,,,,,,,,,,,,,,,,,,,
2023,6.1,0.8,0.097,0.148,0.023,2548,18629,0.04,0.309,0.012,1.021,0.046,0.155,0.254,0.331,0.2,-0.107,6.5,0.532,0.454,0.688,0.611,1.141,0.603,0.007,0.345,5.5,0.005,0.16,0.233,TCB,,,,,,,,,,,,,,,,,,,,,,,,,,
2022,4.4,0.8,,0.197,0.032,2852,16054,0.053,0.253,0.007,1.573,0.028,0.162,0.27,0.321,0.2,-0.443,6.2,0.542,0.504,0.684,0.602,1.173,0.583,0.004,0.347,5.2,0.002,-0.392,0.211,TCB,,,,,,,,,,,,,,,,,,,,,,,,,,
2021,9.8,1.9,,0.217,0.036,5124,26413,0.057,0.28,0.007,1.629,0.022,0.164,0.268,0.301,0.2,0.462,6.1,0.554,0.497,0.665,0.611,1.104,0.603,0.004,0.382,5.1,0.004,0.245,0.252,TCB,,,,,,,,,,,,,,,,,,,,,,,,,,
2020,9.0,1.5,,0.181,0.03,3504,21214,0.049,0.307,0.005,1.71,0.031,0.17,0.269,0.319,0.2,0.221,5.9,0.542,0.465,0.681,0.631,1.0,0.68,0.003,0.372,4.9,0.013,0.2,0.202,TCB,,,,,,,,,,,,,,,,,,,,,,,,,,
2019,8.2,1.3,,0.178,0.029,2869,17679,0.043,0.323,0.013,0.948,0.038,0.162,0.269,0.347,0.2,0.191,6.2,0.52,0.485,0.649,0.602,0.998,0.651,0.008,0.411,5.2,0.002,0.199,0.443,TCB,,,,,,,,,,,,,,,,,,,,,,,,,,
2018,10.7,1.8,,0.215,0.029,2410,14749,0.041,0.379,0.018,0.851,0.041,0.161,0.324,0.318,0.2,0.313,6.2,0.542,0.462,0.537,0.498,0.794,0.676,0.009,0.531,5.2,0.008,0.923,-0.006,TCB,,,,,,,,,,,,,,,,,,,,,,,,,,
2017,,,,0.277,0.026,1835,7670,0.038,0.457,0.016,0.729,0.039,0.1,0.167,0.292,0.1,1.047,10.0,0.568,0.392,0.639,0.597,0.941,0.679,0.01,0.392,9.0,0.021,0.375,0.128,TCB,,,,,,,,,,,,,,,,,,,,,,,,,,
2016,,,,0.175,0.015,896,5578,0.041,0.317,0.016,0.666,0.04,0.083,0.137,0.358,0.1,1.059,12.0,0.506,0.264,0.647,0.606,0.822,0.787,0.01,0.377,11.0,0.026,0.19,0.271,TCB,,,,,,,,,,,,,,,,,,,,,,,,,,
2015,,,,0.097,0.008,435,4687,0.043,0.228,0.017,0.626,0.038,0.086,0.147,0.394,0.1,0.413,11.7,0.455,0.164,0.636,0.584,0.789,0.806,0.01,0.386,10.7,0.036,0.098,0.397,TCB,,,,,,,,,,,,,,,,,,,,,,,,,,
2014,,,,0.075,0.006,308,4268,0.039,0.162,0.024,0.501,0.048,0.085,0.187,0.472,0.1,0.641,11.7,0.403,0.154,0.51,0.457,0.61,0.836,0.011,0.501,10.7,0.033,0.077,0.143,TCB,,,,,,,,,,,,,,,,,,,,,,,,,,
2013,,,,0.048,0.004,187,3964,0.03,0.232,0.037,0.462,0.059,0.088,0.198,0.594,0.1,-0.139,11.4,0.305,0.117,0.509,0.442,0.586,0.869,0.016,0.493,10.4,0.02,0.047,0.029,TCB,,,,,,,,,,,,,,,,,,,,,,,,,,
2012,,,,0.059,0.004,218,3785,0.033,0.112,0.027,0.611,0.077,0.074,0.195,0.572,0.1,-0.757,13.5,0.322,0.133,0.45,0.379,0.612,0.734,0.01,0.534,12.5,0.018,0.062,0.076,TCB,,,,,,,,,,,,,,,,,,,,,,,,,,
2011,,,,0.288,0.019,898,3564,0.036,0.205,0.028,0.496,0.099,0.069,0.197,0.315,0.1,0.522,14.4,0.512,0.473,0.399,0.351,0.716,0.557,0.01,0.604,13.4,0.001,0.333,0.199,TCB,,,,,,,,,,,,,,,,,,,,,,,,,,
2010,,,,0.248,0.017,590,2674,0.029,0.325,0.023,0.505,0.073,0.062,0.177,0.336,0.1,0.219,16.0,0.501,0.439,0.396,0.352,0.657,0.603,0.008,0.607,15.0,0.006,0.282,0.257,TCB,,,,,,,,,,,,,,,,,,,,,,,,,,
2009,,,,0.263,0.022,484,2086,0.036,0.362,0.025,0.489,0.066,0.079,0.174,0.302,0.1,0.437,12.6,0.527,0.434,0.498,0.455,0.675,0.737,0.011,0.529,11.6,0.009,0.302,0.598,TCB,,,,,,,,,,,,,,,,,,,,,,,,,,
2008,,,,,0.024,336,1602,0.038,0.439,,,,0.095,0.214,0.29,0.1,1.318,10.5,0.52,0.377,0.482,0.446,0.665,0.725,,0.562,9.5,0.012,0.574,0.286,TCB,,,,,,,,,,,,,,,,,,,,,,,,,,
2007,,,,,0.018,145,1017,0.034,0.238,,,,0.09,0.174,0.35,0.1,0.987,11.1,0.467,0.42,0.54,0.518,0.837,0.645,,0.5,10.1,0.005,1.028,1.356,TCB,,,,,,,,,,,,,,,,,,,,,,,,,,
2006,,,,,0.018,73,501,0.034,0.252,,,,0.102,0.203,0.367,0.1,0.246,9.8,0.456,0.42,0.529,0.502,0.909,0.582,,0.513,8.8,0.004,0.745,0.643,TCB,,,,,,,,,,,,,,,,,,,,,,,,,,
2005,,,,,0.022,58,287,0.041,0.203,,,,0.095,0.191,0.351,0.1,1.669,10.6,0.468,0.468,0.519,0.496,0.854,0.608,,0.526,9.6,0.022,0.96,0.527,TCB,,,,,,,,,,,,,,,,,,,,,,,,,,
2004,,,,,0.012,21,146,0.031,0.195,,,,0.067,0.149,0.408,0.1,1.537,14.9,0.427,0.351,0.522,0.452,0.753,0.693,,0.48,13.9,0.004,1.466,0.509,TCB,,,,,,,,,,,,,,,,,,,,,,,,,,
2003,,,,,0.006,8,59,0.026,0.222,,,,0.038,0.091,0.369,0.0,4.698,26.4,0.456,0.213,0.505,0.417,0.877,0.576,,0.605,25.4,0.001,0.595,0.211,TCB,,,,,,,,,,,,,,,,,,,,,,,,,,
2024,28.6,7.5,0.007,0.287,0.119,5340,20253,,,,,,0.414,,,1.0,0.215,2.4,,,,,,,,,1.0,,0.193,,FPT,13.4,52.0,16.0,33.0,19.0,1.3,1.3,9517.0,0.377,0.167,0.125,0.4,0.2,1.1,28.8,10700.0,0.261,0.057,35.0,7.1,-0.221,0.9,0.7,0.167,1.1,0.049
2023,18.8,4.9,0.024,0.281,0.116,4394,16976,,,,,,0.414,,,1.0,0.218,2.4,,,,,,,,,1.0,,0.187,,FPT,14.6,47.0,20.0,33.0,10.2,1.2,1.2,9073.0,0.386,0.161,0.123,0.5,0.2,1.2,66.5,7054.0,0.277,0.059,34.0,7.8,-0.292,0.9,0.7,0.161,1.1,0.054
2022,15.5,3.9,0.036,0.272,0.101,3609,14306,,,,,,0.407,,,1.0,0.057,2.5,,,,,,,,,1.0,,0.013,,FPT,12.3,49.0,24.0,41.0,10.5,1.3,1.2,8608.0,0.39,0.154,0.121,0.5,0.2,1.9,7.4,6417.0,0.254,0.074,32.0,7.5,-0.267,0.9,0.7,0.154,1.1,0.031
2021,18.9,4.6,0.031,0.258,0.091,3415,14127,,,,,,0.334,,,0.7,0.059,3.0,,,,,,,,,1.5,,-0.016,,FPT,16.5,42.0,23.0,47.0,11.2,1.2,1.1,8346.0,0.382,0.152,0.122,0.9,0.4,2.3,7.8,5357.0,0.253,0.054,19.0,8.6,-0.28,0.7,0.7,0.152,1.2,0.001
2020,12.7,2.9,0.049,0.238,0.094,3225,14352,,,,,,0.377,,,0.8,-0.067,2.7,,,,,,,,,1.2,,-0.067,,FPT,12.4,35.0,26.0,55.0,11.9,1.1,1.1,8336.0,0.396,0.154,0.119,0.7,0.3,1.7,17.8,2901.0,0.252,0.072,6.0,10.3,-0.363,0.7,0.7,0.154,1.1,-0.021
2019,12.0,2.7,0.048,0.237,0.099,3455,15388,,,,,,0.418,,,1.0,0.197,2.4,,,,,,,,,1.0,,0.12,,FPT,7.8,75.0,28.0,55.0,11.6,1.2,1.1,8516.0,0.386,0.15,0.113,0.5,0.2,1.3,21.5,2877.0,0.206,0.1,48.0,4.9,-0.432,0.8,1.5,0.15,1.1,0.137
2018,9.1,1.9,0.2,0.219,0.096,2887,13744,,,,,,0.419,,,1.0,-0.106,2.4,,,,,,,,,1.0,,0.091,,FPT,8.4,83.0,30.0,59.0,13.1,1.3,1.2,7490.0,0.376,0.134,0.113,0.5,0.2,1.4,18.0,3955.0,0.266,0.128,54.0,4.4,-0.377,0.8,1.5,0.134,1.2,-0.118
2017,9.1,2.3,0.25,0.28,0.107,3230,12594,,,,,,0.457,,,1.1,0.473,2.2,,,,,,,,,0.9,,0.2,,FPT,8.0,42.0,31.0,37.0,8.6,1.4,1.4,8494.0,0.227,0.074,0.069,0.4,0.2,1.7,7.3,4960.0,0.263,0.114,36.0,8.7,-0.21,1.7,1.5,0.074,1.3,-0.086
2016,8.6,1.8,0.2,0.22,0.071,2193,10496,,,,,,0.319,,,0.6,0.031,3.1,,,,,,,,,1.6,,0.11,,FPT,6.4,43.0,58.0,39.0,8.1,1.3,1.0,9293.0,0.213,0.077,0.05,0.9,0.3,2.4,12.6,4479.0,0.525,0.28,61.0,8.5,-0.312,1.3,1.5,0.077,1.0,-0.061
2015,8.1,1.8,0.2,0.234,0.079,2127,9455,,,,,,0.329,,,0.6,0.183,3.0,,,,,,,,,1.6,,0.084,,FPT,6.7,40.0,59.0,34.0,11.2,1.3,0.9,9893.0,0.197,0.077,0.051,0.9,0.3,2.1,13.3,3991.0,0.352,0.185,65.0,9.0,-0.487,1.5,1.5,0.077,1.0,0.063
2014,,,0.2,0.216,0.081,1798,8720,,,,,,0.349,,,0.7,0.015,2.9,,,,,,,,,1.4,,0.284,,FPT,6.1,42.0,55.0,34.0,14.1,1.3,0.9,9309.0,0.19,0.072,0.05,0.7,0.3,1.9,47.2,3739.0,0.468,0.263,62.0,8.6,-0.436,1.4,1.5,0.072,1.1,-0.08
2013,,,0.3,0.24,0.101,1771,6791,,,,,,0.351,,,0.8,0.044,2.9,,,,,,,,,1.3,,0.17,,FPT,5.5,46.0,51.0,33.0,17.6,1.4,1.1,10123.0,0.205,0.086,0.059,0.6,0.2,1.3,75.2,3840.0,0.382,0.198,64.0,7.9,-0.299,1.5,1.6,0.086,1.1,-0.058
2012,,,0.2,0.263,0.106,1697,5806,,,,,,0.371,,,0.9,-0.084,2.7,,,,,,,,,1.2,,0.094,,FPT,4.5,46.0,55.0,30.0,9.8,1.5,1.1,10741.0,0.191,0.091,0.063,0.5,0.2,1.4,131.2,3410.0,0.375,0.216,72.0,7.9,-0.274,1.7,1.6,0.091,1.1,-0.251
2011,,,0.2,0.354,0.123,1853,5307,,,,,,0.322,,,0.6,0.33,3.1,,,,,,,,,1.6,,0.651,,FPT,4.3,39.0,51.0,21.0,10.3,1.3,1.0,14345.0,0.195,0.101,0.066,0.8,0.3,1.6,17023.8,2897.0,0.526,0.27,69.0,9.4,-0.216,1.7,1.5,0.101,1.0,0.051
2010,,,0.15,0.358,0.111,1393,3215,,,,,,0.237,,,0.5,0.189,4.2,,,,,,,,,1.8,,0.23,,FPT,6.6,39.0,44.0,26.0,8.3,1.6,1.2,13643.0,0.199,0.098,0.063,1.1,0.4,1.9,1.5,3400.0,0.361,0.117,57.0,9.4,-0.438,1.6,1.6,0.098,1.0,-0.098
2009,,,0.25,0.385,0.129,1171,2614,,,,,,0.228,,,0.5,0.272,4.4,,,,,,,,,2.1,,0.244,,FPT,6.0,34.0,33.0,28.0,16.9,1.7,1.4,15131.0,0.2,0.101,0.058,1.3,0.4,1.2,1.2,3180.0,0.748,0.206,39.0,10.7,-0.499,1.8,1.6,0.101,0.9,0.022
2008,,,0.26,0.379,0.146,921,2101,,,,,,0.311,,,0.8,0.134,3.2,,,,,,,,,1.3,,0.124,,FPT,,34.0,36.0,29.0,18.5,1.5,1.1,14801.0,0.182,0.091,0.051,0.5,0.2,0.7,8426.6,1498.0,0.511,,41.0,10.7,-0.737,2.7,1.5,0.091,0.8,-0.012
2007,,,0.36,0.416,0.168,812,1869,,,,,,0.317,,,0.6,0.637,3.2,,,,,,,,,1.6,,0.176,,FPT,,41.0,32.0,25.0,,1.4,1.0,14983.0,0.145,0.072,0.055,0.7,0.2,0.9,22.9,1315.0,0.452,,48.0,8.9,-0.759,2.5,1.4,0.072,1.1,0.302
2006,,,0.06,0.407,0.16,496,1589,,,,,,0.423,,,0.9,0.606,2.4,,,,,,,,,1.1,,1.376,,FPT,,22.0,9.0,8.0,9.6,1.9,1.6,11505.0,0.063,0.026,0.021,0.5,0.2,1.3,5.4,1480.0,0.428,,22.0,16.9,-0.823,6.3,1.4,0.026,1.1,0.14
2005,,,,0.585,0.147,309,669,,,,,,0.274,,,0.4,0.604,3.7,,,,,,,,,2.4,,0.946,,FPT,,21.0,10.0,9.0,11.7,1.4,1.2,10094.0,0.065,0.026,0.02,1.5,0.4,2.0,6.7,613.0,0.642,,23.0,17.4,-0.858,6.4,1.2,0.026,0.9,-0.097
2004,,,,0.722,0.136,192,343,,,,,,0.197,,,0.2,2.983,5.1,,,,,,,,,4.1,,0.809,,FPT,,22.0,13.0,12.0,9.9,1.4,1.0,11180.0,0.062,0.025,0.02,2.3,0.5,2.4,3.4,397.0,1.194,,23.0,16.3,-0.704,5.5,1.1,0.025,0.9,0.261
2024,33.3,3.6,,0.114,0.042,1477,13503,,,,,,0.37,,,0.9,-0.038,2.7,,,,,,,,,1.2,,0.096,,CMG,9.7,32.0,13.0,48.0,5.3,1.3,1.2,4674.0,0.182,0.052,0.039,0.5,0.2,2.0,1.0,801.0,0.184,0.099,-4.0,11.5,-0.244,1.0,0.7,0.052,1.1,0.072
2023,25.5,3.2,,0.129,0.046,1535,12324,,,,,,0.358,,,0.8,0.077,2.8,,,,,,,,,1.2,,0.072,,CMG,14.0,37.0,15.0,51.0,3.6,1.2,1.1,4358.0,0.184,0.05,0.043,0.5,0.2,2.1,1.2,583.0,0.186,0.072,1.0,10.0,-0.384,1.0,0.8,0.05,1.1,-0.236
2022,19.8,2.5,0.021,0.131,0.047,1425,11501,,,,,,0.351,,,0.8,0.146,2.8,,,,,,,,,1.3,,0.008,,CMG,11.2,51.0,21.0,50.0,4.7,1.3,1.2,5707.0,0.187,0.055,0.04,0.5,0.2,2.0,0.6,922.0,0.121,0.059,22.0,7.1,-0.238,1.1,0.7,0.055,1.0,0.019
2021,25.2,2.7,,0.114,0.043,1244,11414,,,,,,0.362,,,0.8,0.098,2.8,,,,,,,,,1.3,,-0.123,,CMG,15.0,71.0,25.0,52.0,4.9,1.5,1.3,5603.0,0.177,0.056,0.04,0.5,0.2,2.4,0.7,1217.0,0.151,0.055,44.0,5.2,-0.53,1.0,0.6,0.056,1.1,0.222
2020,30.8,2.7,,0.088,0.035,1132,13017,,,,,,0.384,,,0.9,-0.172,2.6,,,,,,,,,1.2,,-0.319,,CMG,10.1,89.0,23.0,55.0,3.0,1.5,1.4,4585.0,0.188,0.05,0.035,0.5,0.2,2.6,0.8,1047.0,0.154,0.104,57.0,4.1,-0.392,1.0,0.6,0.05,1.2,-0.105
2019,25.5,1.8,0.029,0.092,0.033,1367,19123,,,,,,0.405,,,0.9,-0.007,2.5,,,,,,,,,1.1,,0.813,,CMG,9.3,86.0,25.0,48.0,4.2,1.8,1.6,5123.0,0.182,0.052,0.027,0.5,0.2,2.1,0.6,1356.0,0.119,0.094,63.0,4.2,-0.394,1.1,2.0,0.052,1.0,-0.038
2018,15.7,2.0,0.15,0.135,0.041,1377,10548,,,,,,0.294,,,0.6,-0.203,3.4,,,,,,,,,1.6,,0.068,,CMG,9.3,80.0,22.0,51.0,5.2,1.2,1.0,5326.0,0.159,0.043,0.028,0.5,0.2,1.8,1.5,301.0,0.141,0.074,51.0,4.5,-0.34,1.4,1.7,0.043,1.1,0.007
2017,13.7,2.4,0.08,0.184,0.062,1728,9880,,,,,,0.317,,,0.7,0.499,3.2,,,,,,,,,1.5,,0.103,,CMG,5.6,61.0,19.0,39.0,8.2,1.2,1.0,5288.0,0.154,0.047,0.035,0.5,0.2,1.4,2.7,258.0,0.281,0.19,42.0,5.9,-0.341,1.6,1.5,0.047,1.1,0.381
2016,10.0,1.3,0.1,0.132,0.05,1153,8957,,,,,,0.361,,,0.9,-0.108,2.8,,,,,,,,,1.2,,0.052,,CMG,4.6,50.0,19.0,26.0,6.2,1.2,1.1,3829.0,0.133,0.039,0.027,0.3,0.2,1.5,3.0,288.0,0.139,0.167,43.0,7.3,-0.273,1.7,1.6,0.039,1.1,0.442
2015,8.4,1.3,0.08,0.17,0.067,1292,8510,,,,,,0.402,,,1.1,0.851,2.5,,,,,,,,,1.0,,0.394,,CMG,6.6,49.0,21.0,27.0,7.3,1.4,1.2,2655.0,0.16,0.049,0.035,0.4,0.2,2.5,1.9,353.0,0.156,0.176,43.0,7.5,-0.213,1.7,1.2,0.049,0.9,0.589
2014,,,,0.11,0.041,698,6107,,,,,,0.348,,,0.6,1.575,2.9,,,,,,,,,1.5,,0.096,,CMG,10.6,51.0,23.0,32.0,2.8,1.4,1.1,1670.0,0.161,0.037,0.023,0.7,0.3,4.7,1.1,248.0,0.157,0.13,42.0,7.2,-0.196,1.7,1.3,0.037,0.8,0.27
2013,,,,0.045,0.016,271,5570,,,,,,0.335,,,0.6,-1.285,3.0,,,,,,,,,1.7,,-0.039,,CMG,9.1,69.0,47.0,52.0,1.8,1.2,1.0,1315.0,0.139,0.042,0.013,0.9,0.3,7.1,2.4,146.0,0.24,0.476,64.0,5.3,-0.203,1.3,1.4,0.042,0.4,-9.107
2012,,,,-0.146,-0.054,-950,5797,,,,,,0.317,,,0.5,4.561,3.2,,,,,,,,,2.0,,-0.154,,CMG,-97.9,68.0,57.0,34.0,-0.2,1.2,0.9,-162.0,0.1,-0.004,-0.036,1.1,0.4,-66.1,2.8,167.0,0.141,0.241,92.0,5.3,-0.016,1.4,1.0,-0.004,8.8,-1.093
2011,,,,-0.024,-0.009,-171,6854,,,,,,0.4,,,0.7,-1.245,2.5,,,,,,,,,1.5,,-0.043,,CMG,8.3,78.0,55.0,19.0,0.8,1.4,0.9,1742.0,0.11,0.038,-0.006,1.1,0.4,8.1,5.0,386.0,0.089,0.156,114.0,4.7,-0.169,1.8,1.5,0.038,-0.2,-0.447
2010,,,,0.094,0.032,699,7162,,,,,,0.332,,,0.5,-0.433,3.0,,,,,,,,,2.0,,-0.055,,CMG,12.3,87.0,48.0,21.0,1.9,1.3,1.0,3148.0,0.117,0.057,0.02,1.5,0.5,5.5,3.6,404.0,0.178,0.11,114.0,4.2,-0.252,1.6,1.3,0.057,0.5,-0.055
2009,,,0.17,0.172,0.064,1233,7576,,,,,,0.35,,,0.5,0.408,2.9,,,,,,,,,1.8,,0.142,,CMG,13.1,78.0,58.0,24.0,4.0,1.4,1.0,3330.0,0.123,0.062,0.036,1.4,0.5,4.2,3.8,515.0,0.208,0.087,113.0,4.6,-0.581,1.6,1.2,0.062,0.7,0.337
2024,40.0,0.8,,0.023,0.012,463,23141,,,,,,0.537,,,1.2,-0.28,1.9,,,,,,,,,0.9,,0.326,,KSB,20.8,756.0,41.0,47.0,0.8,1.9,1.9,1427.0,0.443,0.266,0.132,0.4,0.2,8.1,1.0,945.0,0.006,0.009,750.0,0.5,-5.704,0.1,0.6,0.266,0.8,-0.627
2023,35.1,1.3,,0.037,0.017,644,17456,,,,,,0.467,,,0.9,-0.515,2.1,,,,,,,,,1.1,,0.029,,KSB,11.9,495.0,36.0,44.0,1.1,1.6,1.5,3828.0,0.452,0.332,0.14,0.6,0.3,3.9,1.9,717.0,0.052,0.043,486.0,0.7,-2.772,0.1,0.7,0.332,0.6,-0.285
2022,11.9,0.9,,0.082,0.037,1328,16959,,,,,,0.457,,,0.8,-0.599,2.2,,,,,,,,,1.2,,-0.276,,KSB,7.4,337.0,23.0,29.0,1.7,1.5,1.5,5354.0,0.369,0.26,0.177,0.6,0.3,2.3,2.1,717.0,0.063,0.065,330.0,1.1,-5.26,0.2,0.8,0.26,0.8,-0.162
2021,13.7,1.9,,0.15,0.064,3313,23433,,,,,,0.449,,,0.8,-0.229,2.2,,,,,,,,,1.2,,0.129,,KSB,7.9,382.0,34.0,25.0,3.1,1.7,1.7,6387.0,0.466,0.334,0.286,0.4,0.2,1.5,1.1,869.0,0.053,0.032,390.0,1.0,-1.477,0.2,0.8,0.334,1.0,-0.431
2020,6.7,1.4,,0.228,0.083,4295,20760,,,,,,0.404,,,0.7,-0.046,2.5,,,,,,,,,1.5,,0.18,,KSB,3.7,231.0,40.0,27.0,4.5,1.7,1.7,11216.0,0.456,0.334,0.248,0.4,0.2,1.2,1.2,980.0,0.096,0.083,244.0,1.6,-0.755,0.3,0.8,0.334,0.9,0.162
2019,2.9,0.7,,0.286,0.096,4504,17590,,,,,,0.326,,,0.5,0.009,3.1,,,,,,,,,2.1,,0.266,,KSB,3.3,51.0,43.0,27.0,6.1,1.4,1.4,9649.0,0.488,0.353,0.251,0.7,0.2,1.5,2.4,696.0,0.108,0.154,67.0,7.2,-1.487,0.3,1.3,0.353,0.9,0.051
2018,4.3,1.4,,0.368,0.151,4463,13896,,,,,,0.352,,,0.5,0.18,2.8,,,,,,,,,1.8,,0.343,,KSB,4.0,48.0,35.0,20.0,13.6,2.5,2.4,9182.0,0.488,0.353,0.28,0.6,0.2,0.7,0.1,1052.0,0.123,0.092,63.0,7.5,-3.952,0.4,1.3,0.353,1.0,-0.084
2017,7.6,2.8,0.15,0.405,0.231,3782,10347,,,,,,0.53,,,1.1,0.347,1.9,,,,,,,,,0.9,,0.245,,KSB,4.1,35.0,31.0,13.0,,5.0,4.6,10019.0,0.397,0.298,0.253,0.0,0.0,0.0,,556.0,0.417,0.18,52.0,10.5,-1.05,0.8,1.3,0.298,1.1,-0.134
2016,7.6,2.6,0.3,0.363,0.227,2807,8311,,,,,,0.626,,,1.7,0.642,1.6,,,,,,,,,0.6,,0.164,,KSB,6.8,39.0,34.0,15.0,,3.5,3.0,11574.0,0.404,0.292,0.242,0.0,0.0,0.0,,254.0,0.13,0.039,58.0,9.5,-0.665,0.9,1.3,0.292,1.0,0.256
2015,6.4,1.5,0.3,0.248,0.155,1709,7141,,,,,,0.624,,,1.7,0.295,1.6,,,,,,,,,0.6,,0.077,,KSB,5.3,48.0,39.0,18.0,,2.7,2.3,9217.0,0.358,0.215,0.17,0.0,0.0,0.0,,198.0,0.335,0.159,69.0,7.6,-0.37,0.9,1.3,0.215,1.0,0.104
2014,,,0.3,0.205,0.132,1320,6631,,,,,,0.623,,,1.7,0.162,1.6,,,,,,,,,0.6,,0.064,,KSB,3.0,63.0,43.0,18.0,,2.7,2.2,8351.0,0.352,0.189,0.155,0.0,0.0,0.0,,192.0,0.261,0.231,88.0,5.8,-0.356,0.8,1.3,0.189,1.1,0.049
2013,,,0.3,0.184,0.121,1136,6232,,,,,,0.662,,,2.0,-0.079,1.5,,,,,,,,,0.5,,0.022,,KSB,2.5,78.0,39.0,14.0,,4.5,3.7,7963.0,0.357,0.205,0.155,0.0,0.0,0.0,,181.0,0.183,0.192,103.0,4.7,-0.222,0.8,1.4,0.205,1.0,-0.206
2012,,,0.3,0.207,0.134,1233,6097,,,,,,0.647,,,1.8,-0.247,1.5,,,,,,,,,0.5,,0.054,,KSB,1.8,75.0,32.0,13.0,,3.1,2.7,10028.0,0.342,0.206,0.159,0.0,0.0,0.0,,172.0,0.201,0.253,94.0,4.9,-0.398,0.8,1.3,0.206,1.0,-0.367
2011,,,0.29,0.299,0.192,1637,5788,,,,,,0.647,,,1.8,-0.047,1.5,,,,,,,,,0.5,,0.121,,KSB,1.8,55.0,27.0,13.0,,3.2,2.8,15854.0,0.377,0.261,0.217,0.0,0.0,0.0,,179.0,0.245,0.243,69.0,6.6,-0.285,0.8,1.3,0.261,1.1,0.096
2010,,,0.5,0.37,0.234,1717,5162,,,,,,0.635,,,1.7,0.362,1.6,,,,,,,,,0.6,,0.255,,KSB,3.0,41.0,20.0,14.0,,2.7,2.5,14462.0,0.388,0.268,0.253,0.0,0.0,0.0,,162.0,0.421,0.248,47.0,8.9,-0.499,0.8,1.2,0.268,1.1,0.143
2009,,,0.25,0.389,0.209,1261,4113,,,,,,0.626,,,1.7,0.279,1.6,,,,,,,,,0.6,,0.731,,KSB,4.4,52.0,27.0,135.0,,1.2,1.1,12657.0,0.409,0.282,0.268,0.0,0.0,0.0,,32.0,0.399,0.201,-56.0,7.0,-0.657,0.7,1.1,0.282,1.1,-0.013
2008,,,,0.473,0.236,985,2375,,,,,,0.431,,,0.8,0.55,2.3,,,,,,,,,1.3,,0.324,,KSB,,52.0,23.0,126.0,,1.0,0.9,12825.0,0.388,0.235,0.219,0.1,0.0,0.1,,1.0,0.676,,-52.0,7.1,-0.755,0.8,1.2,0.235,1.1,0.679
2024,11.7,1.3,,0.12,0.031,1547,13632,,,,,,0.277,,,0.6,1.296,3.6,,,,,,,,,1.6,,0.125,,VCG,12.4,128.0,234.0,74.0,3.6,1.4,0.8,3357.0,0.154,0.12,0.072,0.8,0.3,5.2,1.0,4776.0,0.222,0.194,289.0,2.8,-0.162,0.4,0.7,0.12,0.9,0.138
2023,32.7,1.8,,0.057,0.013,674,12115,,,,,,0.236,,,0.5,-0.484,4.2,,,,,,,,,2.0,,0.058,,VCG,16.7,165.0,221.0,76.0,1.4,1.3,0.8,2951.0,0.093,0.092,0.032,1.1,0.4,8.2,1.2,4259.0,0.261,0.226,310.0,2.2,-0.203,0.4,0.7,0.092,0.5,0.5
2022,10.7,1.2,,0.116,0.025,1306,11453,,,,,,0.214,,,0.4,0.771,4.7,,,,,,,,,2.2,,-0.075,,VCG,26.6,281.0,255.0,71.0,0.8,1.6,1.0,1967.0,0.108,0.075,0.093,1.4,0.4,13.8,0.7,7211.0,0.172,0.184,466.0,1.3,-0.543,0.3,0.8,0.075,1.5,-0.046
2021,55.4,3.3,0.044,0.061,0.016,737,12386,,,,,,0.214,,,0.3,-0.777,4.7,,,,,,,,,3.1,,-0.054,,VCG,25.2,325.0,211.0,114.0,1.3,1.4,1.2,2063.0,0.144,0.114,0.069,1.5,0.4,8.8,0.8,5826.0,0.369,0.217,422.0,1.1,-0.549,0.2,0.5,0.114,1.1,-2.902
2020,11.5,2.9,0.032,0.244,0.082,3302,13094,,,,,,0.324,,,0.6,1.134,3.1,,,,,,,,,1.7,,-0.149,,VCG,-45.7,287.0,176.0,178.0,-2.9,1.5,1.2,-1085.0,0.151,,0.289,0.6,0.2,-9.3,1.0,4405.0,0.279,0.105,285.0,1.3,-0.079,0.3,0.8,,-2.9,-1.437
2019,16.5,1.7,0.024,0.102,0.035,1547,15384,,,,,,0.352,,,0.7,0.382,2.8,,,,,,,,,1.5,,0.012,,VCG,14.5,156.0,128.0,140.0,2.9,1.6,1.3,2483.0,0.138,0.083,0.072,0.6,0.2,3.8,0.9,4332.0,0.174,0.117,144.0,2.3,-0.156,0.5,1.4,0.083,1.2,0.157
2018,18.2,1.3,0.12,0.075,0.024,1119,15199,,,,,,0.332,,,0.6,-0.634,3.0,,,,,,,,,1.6,,0.026,,VCG,17.2,159.0,153.0,126.0,2.5,1.3,1.0,2147.0,0.124,0.071,0.05,0.5,0.2,4.0,1.4,3188.0,0.172,0.111,187.0,2.3,-0.119,0.5,1.6,0.071,1.2,-0.373
2017,6.3,1.3,0.12,0.215,0.06,3058,14819,,,,,,0.301,,,0.6,1.685,3.3,,,,,,,,,1.8,,0.087,,VCG,7.6,138.0,156.0,117.0,4.0,1.2,0.9,3423.0,0.162,0.104,0.123,0.5,0.2,2.8,1.5,2553.0,0.286,0.28,177.0,2.6,-0.221,0.5,1.5,0.104,1.7,0.18
2016,9.7,0.8,0.08,0.084,0.023,1138,13627,,,,,,0.262,,,0.5,0.279,3.8,,,,,,,,,2.1,,0.014,,VCG,7.6,162.0,176.0,115.0,3.2,1.2,0.8,2900.0,0.168,0.105,0.058,0.6,0.2,3.5,1.2,2087.0,0.211,0.229,223.0,2.3,-0.135,0.4,1.7,0.105,0.9,0.068
2015,9.8,0.6,0.07,0.067,0.018,890,13445,,,,,,0.284,,,0.5,0.255,3.5,,,,,,,,,1.8,,0.016,,VCG,6.2,184.0,171.0,150.0,2.3,1.1,0.8,2715.0,0.158,0.097,0.049,0.6,0.2,4.3,1.1,536.0,0.206,0.326,204.0,2.0,-0.127,0.4,1.5,0.097,0.8,0.582
2014,,,0.06,0.054,0.014,709,13235,,,,,,0.254,,,0.5,-0.373,3.9,,,,,,,,,2.1,,0.393,,VCG,14.4,195.0,223.0,163.0,1.5,1.0,0.7,1716.0,0.12,0.051,0.037,0.8,0.3,8.3,1.4,-57.0,0.2,0.253,255.0,1.9,-0.346,0.4,1.4,0.051,1.0,-0.423
2013,,,0.04,0.091,0.019,1130,9499,,,,,,0.182,,,0.4,4.676,5.5,,,,,,,,,2.8,,0.185,,VCG,10.2,147.0,240.0,122.0,1.1,1.2,0.7,2973.0,0.13,0.067,0.045,1.1,0.3,6.6,0.8,2283.0,0.197,0.242,265.0,2.5,-0.094,0.5,1.4,0.067,1.0,-0.256
2012,,,,0.02,0.003,199,8015,,,,,,0.124,,,0.2,-0.144,8.1,,,,,,,,,4.1,,1.056,,VCG,10.2,130.0,253.0,97.0,0.9,1.0,0.5,3994.0,0.147,0.066,0.007,2.1,0.4,8.0,1.0,449.0,0.174,0.195,287.0,2.8,-0.074,0.4,2.2,0.066,0.2,-0.43
2011,,,,0.028,0.003,232,3898,,,,,,0.057,,,0.1,-0.486,17.6,,,,,,,,,6.8,,0.004,,VCG,7.8,111.0,219.0,73.0,1.5,1.0,0.5,7001.0,0.18,0.1,0.007,3.6,0.4,6.3,1.1,-427.0,0.361,0.283,258.0,3.3,-0.139,0.5,4.7,0.1,0.3,0.043
2010,,,0.07,0.061,0.007,452,3884,,,,,,0.054,,,0.1,33.116,18.6,,,,,,,,,7.2,,0.194,,VCG,11.5,88.0,175.0,62.0,1.1,1.2,0.7,6712.0,0.145,0.067,0.013,3.7,0.4,7.6,0.5,2296.0,0.811,0.422,202.0,4.1,-0.124,0.5,3.7,0.067,0.7,-0.266
2009,,,0.12,0.003,0.0,13,3252,,,,,,0.052,,,0.1,-0.986,19.1,,,,,,,,,7.8,,1.09,,VCG,12.5,79.0,169.0,68.0,1.4,1.1,0.7,9140.0,0.136,0.064,0.0,3.8,0.4,7.1,0.5,1099.0,0.856,0.273,179.0,4.6,-0.116,0.5,32.9,0.064,0.2,2.887
2024,11.8,0.5,,0.05,0.011,986,21894,,,,,,0.243,,,0.4,0.324,4.1,,,,,,,,,2.6,,0.263,,HHV,16.1,-241.0,13.0,187.0,1.6,0.3,0.3,4250.0,0.405,0.384,0.129,1.7,0.5,12.1,0.1,-2396.0,0.028,0.061,-415.0,,-0.009,0.1,0.7,0.384,0.5,0.018
2023,19.7,0.8,,0.044,0.009,745,17341,,,,,,0.204,,,0.3,0.22,4.9,,,,,,,,,3.2,,0.044,,HHV,19.8,-315.0,27.0,264.0,1.5,0.4,0.3,4176.0,0.402,0.38,0.12,2.3,0.6,15.4,0.1,-1968.0,0.034,0.057,-552.0,,-0.005,0.1,0.8,0.38,0.4,-0.021
2022,12.9,0.5,,0.039,0.008,610,16605,,,,,,0.201,,,0.3,-0.065,5.0,,,,,,,,,3.3,,0.05,,HHV,20.8,-394.0,34.0,338.0,1.5,0.3,0.3,4268.0,0.485,0.451,0.126,2.5,0.6,17.0,0.0,-2673.0,0.046,0.097,-698.0,,-0.007,0.1,0.7,0.451,0.4,0.045
2021,34.1,1.4,,0.042,0.008,653,15807,,,,,,0.192,,,0.3,0.465,5.2,,,,,,,,,3.4,,-0.22,,HHV,24.7,-390.0,22.0,444.0,1.5,0.4,0.4,4084.0,0.497,0.446,0.144,2.7,0.6,19.3,0.0,-1845.0,0.034,0.053,-813.0,,-0.008,0.1,0.8,0.446,0.4,0.26
2020,38.2,0.8,,0.023,0.004,445,20265,,,,,,0.192,,,0.3,-0.407,5.2,,,,,,,,,3.4,,-0.087,,HHV,33.3,-424.0,66.0,850.0,1.2,0.4,0.4,3242.0,0.584,0.5,0.114,2.9,0.7,25.8,0.0,-2133.0,0.038,0.055,-1208.0,,-0.056,0.0,0.8,0.5,0.3,0.877
2019,16.9,0.6,,0.067,0.013,752,22197,,,,,,0.198,,,0.3,14.265,5.1,,,,,,,,,3.3,,57.504,,HHV,127.0,32.0,127.0,712.0,0.6,0.8,0.7,1727.0,0.448,0.326,0.422,2.9,0.7,50.3,0.0,-658.0,0.116,0.184,-552.0,11.2,-0.055,0.0,0.8,0.326,1.0,-0.565
2018,180.6,23.5,,0.161,0.029,49,379,,,,,,0.281,,,0.4,0.062,3.6,,,,,,,,,2.6,,0.634,,HHV,,53.0,86.0,65.0,1.5,0.6,0.3,3968.0,0.086,0.033,0.033,1.1,0.3,4.4,21.6,-103.0,0.031,,74.0,6.9,-0.001,1.1,1.1,0.033,1.2,-0.398
2017,187.5,37.5,,0.216,0.029,46,232,,,,,,0.112,,,0.1,2.509,8.9,,,,,,,,,7.9,,0.172,,HHV,725.4,48.0,91.0,43.0,2.6,0.8,0.6,6596.0,0.108,0.052,0.029,1.9,0.2,3.6,13.2,-96.0,0.818,0.022,97.0,7.6,-0.522,0.8,1.3,0.052,0.7,2.121
2016,506.6,33.8,,0.069,0.017,13,198,,,,,,0.179,,,0.2,1.157,5.6,,,,,,,,,4.6,,0.072,,HHV,17.4,122.0,206.0,30.0,3.4,0.9,0.5,2113.0,0.217,0.086,0.029,2.2,0.4,7.4,9.0,-25.0,0.411,0.252,298.0,3.0,-0.899,0.4,1.3,0.086,0.4,0.518
2024,14.2,1.5,,0.111,0.058,1879,17878,,,,,,0.509,,,1.0,0.759,2.0,,,,,,,,,1.0,,0.113,,HPG,10.8,30.0,122.0,37.0,6.4,1.2,0.5,3526.0,0.133,0.105,0.087,0.7,0.4,3.4,2.1,11449.0,0.06,0.042,115.0,12.3,-0.526,0.6,0.9,0.105,0.9,0.248
2023,23.8,1.6,,0.069,0.038,1068,16067,,,,,,0.547,,,1.2,-0.194,1.8,,,,,,,,,0.8,,0.07,,HPG,13.0,45.0,119.0,40.0,2.7,1.2,0.7,2826.0,0.109,0.081,0.057,0.6,0.3,3.8,5.3,11203.0,0.119,0.074,123.0,8.1,-0.241,0.6,0.9,0.081,0.8,-0.268
2022,12.3,1.1,,0.091,0.049,1326,15009,,,,,,0.564,,,1.3,-0.776,1.8,,,,,,,,,0.8,,-0.037,,HPG,9.1,50.0,112.0,54.0,4.2,1.3,0.7,3859.0,0.119,0.092,0.06,0.6,0.3,2.9,4.2,18129.0,0.087,0.066,108.0,7.3,-0.253,0.8,0.9,0.092,0.8,-0.657
2021,5.9,2.3,0.014,0.461,0.223,5929,15585,,,,,,0.508,,,1.0,1.563,2.0,,,,,,,,,1.0,,0.534,,HPG,5.5,31.0,115.0,51.0,14.9,1.3,0.7,11235.0,0.275,0.252,0.23,0.6,0.3,1.3,3.2,20696.0,0.248,0.116,95.0,11.8,-0.168,0.8,0.9,0.252,1.0,0.558
2020,10.0,2.3,0.022,0.252,0.115,2313,10158,,,,,,0.449,,,0.8,0.374,2.2,,,,,,,,,1.2,,-0.046,,HPG,10.2,17.0,117.0,43.0,7.8,1.1,0.6,7210.0,0.21,0.19,0.149,0.9,0.4,2.1,2.1,4772.0,0.231,0.075,91.0,21.9,-0.182,0.7,0.9,0.19,0.9,0.428
2019,8.4,1.3,0.035,0.171,0.084,1682,10647,,,,,,0.468,,,0.9,-0.122,2.1,,,,,,,,,1.1,,0.176,,HPG,7.7,14.0,117.0,51.0,10.4,1.1,0.4,5051.0,0.176,0.153,0.118,0.8,0.4,2.5,0.8,3453.0,0.095,0.074,80.0,25.6,-0.666,0.6,1.2,0.153,0.9,-0.282
2018,7.5,1.6,,0.236,0.131,1916,9053,,,,,,0.518,,,1.1,0.071,1.9,,,,,,,,,0.9,,0.254,,HPG,6.9,14.0,107.0,51.0,19.5,1.1,0.5,7036.0,0.209,0.189,0.154,0.6,0.3,1.5,0.9,2673.0,0.062,0.036,70.0,26.1,-2.159,0.7,1.2,0.189,1.0,-0.286
2017,8.6,2.1,,0.308,0.186,1790,7218,,,,,,0.609,,,1.6,0.213,1.6,,,,,,,,,0.6,,0.635,,HPG,7.8,14.0,113.0,39.0,20.1,1.8,1.2,9853.0,0.23,0.208,0.173,0.4,0.2,0.8,6.9,14548.0,0.132,0.052,88.0,26.0,-0.672,0.9,1.2,0.208,1.0,-0.185
2016,6.0,2.0,,0.386,0.225,1476,4414,,,,,,0.594,,,1.5,0.894,1.7,,,,,,,,,0.7,,0.367,,HPG,4.2,15.0,128.0,42.0,28.1,1.5,0.7,12096.0,0.263,0.236,0.198,0.3,0.2,0.7,5.6,6198.0,0.23,0.118,101.0,24.1,-0.27,1.0,1.2,0.236,1.0,0.291
2015,6.5,1.6,0.2,0.266,0.146,779,3229,,,,,,0.566,,,1.3,0.109,1.8,,,,,,,,,0.8,,0.242,,HPG,5.3,16.0,120.0,39.0,17.5,1.2,0.5,9368.0,0.204,0.161,0.127,0.5,0.3,1.2,8.3,1922.0,0.164,0.093,97.0,22.3,-0.412,1.1,1.1,0.161,0.9,-0.207
2014,,,0.1,0.295,0.139,702,2599,,,,,,0.526,,,1.2,0.609,1.9,,,,,,,,,0.9,,0.235,,HPG,5.7,18.0,138.0,39.0,12.0,1.3,0.5,11817.0,0.203,0.165,0.123,0.6,0.3,1.3,5.7,2729.0,0.172,0.08,117.0,20.4,-0.127,1.2,1.2,0.165,0.9,0.485
2013,,,0.15,0.222,0.093,436,2104,,,,,,0.408,,,0.7,0.966,2.5,,,,,,,,,1.4,,0.24,,HPG,7.5,23.0,173.0,42.0,7.0,1.1,0.4,7956.0,0.173,0.138,0.103,0.8,0.3,2.1,3.1,1260.0,0.224,0.107,155.0,15.7,-0.318,0.8,1.2,0.138,0.9,0.32
2012,,,0.2,0.128,0.054,222,1697,,,,,,0.399,,,0.8,-0.196,2.5,,,,,,,,,1.3,,0.106,,HPG,6.6,29.0,168.0,30.0,3.1,1.4,0.5,6026.0,0.148,0.097,0.059,0.8,0.3,2.9,3.3,2859.0,0.16,0.13,166.0,12.6,-0.261,0.9,1.2,0.097,0.8,-0.315
2011,,,,0.179,0.076,276,1534,,,,,,0.392,,,0.8,-0.084,2.6,,,,,,,,,1.3,,0.133,,HPG,4.0,31.0,133.0,20.0,2.9,1.4,0.5,8795.0,0.161,0.126,0.069,0.9,0.4,2.1,2.4,2839.0,0.144,0.183,144.0,11.8,-0.291,1.0,1.2,0.126,0.7,-0.043
2010,,,0.2,0.239,0.107,301,1354,,,,,,0.406,,,0.8,0.061,2.5,,,,,,,,,1.3,,0.3,,HPG,7.2,29.0,110.0,18.0,4.9,1.3,0.5,9193.0,0.172,0.141,0.095,0.9,0.4,2.1,2.6,1730.0,0.164,0.084,121.0,12.7,-0.213,1.0,1.2,0.141,0.8,-0.024
2009,,,0.1,0.282,0.16,284,1041,,,,,,0.455,,,1.0,0.489,2.2,,,,,,,,,1.0,,0.202,,HPG,7.7,27.0,130.0,20.0,21.7,1.2,0.6,9417.0,0.243,0.204,0.157,0.8,0.4,1.3,7.2,843.0,0.302,0.128,137.0,13.4,-0.476,0.8,1.2,0.204,0.9,0.299
2008,,,0.3,0.236,0.164,190,866,,,,,,0.687,,,3.2,0.326,1.5,,,,,,,,,0.3,,0.266,,HPG,,23.0,87.0,16.0,13.6,3.1,1.6,7250.0,0.15,0.121,0.102,0.1,0.1,0.5,97.5,2593.0,0.124,,95.0,16.0,-0.366,1.5,1.2,0.121,1.0,-0.338
2007,,,0.1,0.371,0.236,143,684,,,,,,0.644,,,2.0,7.953,1.6,,,,,,,,,0.5,,8.255,,HPG,,22.0,69.0,11.0,19.5,2.5,1.2,10952.0,0.171,0.137,0.114,0.2,0.1,0.6,13.8,1867.0,0.127,,79.0,16.7,-0.189,1.2,1.2,0.137,1.0,
2024,19.3,1.0,0.028,0.053,0.03,928,17881,,,,,,0.561,,,1.3,-0.291,1.8,,,,,,,,,0.8,,0.023,,HSG,8.8,49.0,90.0,17.0,3.4,1.7,0.5,2391.0,0.112,0.013,0.014,0.6,0.3,3.8,,5808.0,0.135,0.181,122.0,7.4,-0.236,2.0,0.9,0.013,1.2,-0.152
2023,16.5,1.2,0.023,0.077,0.047,1310,17479,,,,,,0.577,,,1.4,-1.762,1.7,,,,,,,,,0.7,,0.069,,HSG,8.4,46.0,88.0,23.0,5.2,1.6,0.6,2821.0,0.117,0.027,0.025,0.4,0.2,2.2,,5045.0,0.155,0.141,111.0,7.9,-0.051,1.7,0.9,0.027,1.0,3.351
2022,-6.4,0.7,,-0.1,-0.055,-1720,16352,,,,,,0.636,,,1.8,-1.242,1.6,,,,,,,,,0.6,,-0.106,,HSG,37.1,35.0,78.0,27.0,-3.5,1.6,0.5,648.0,0.073,,,0.3,0.2,12.2,,3260.0,0.064,0.07,86.0,10.5,-0.066,2.5,,,1.3,-0.951
2021,4.3,1.7,,0.477,0.217,7109,18301,,,,,,0.492,,,1.0,1.755,2.0,,,,,,,,,1.0,,0.546,,HSG,2.8,16.0,58.0,15.0,15.0,1.4,0.5,13327.0,0.168,0.09,0.077,0.5,0.3,1.1,4.9,4497.0,0.09,0.096,60.0,22.2,-0.061,2.5,0.9,0.09,1.0,0.607
2020,7.8,1.7,,0.243,0.091,2580,11834,,,,,,0.408,,,0.7,1.6,2.5,,,,,,,,,1.4,,0.036,,HSG,6.0,-4.0,66.0,13.0,4.8,1.1,0.5,8293.0,0.172,0.079,0.051,1.0,0.4,2.3,2.7,604.0,0.069,0.035,49.0,,-0.052,1.7,0.8,0.079,0.8,0.325
2019,6.8,0.6,,0.091,0.027,992,11419,,,,,,0.337,,,0.5,2.589,3.0,,,,,,,,,2.0,,0.089,,HSG,5.0,17.0,77.0,21.0,1.8,0.9,0.3,6257.0,0.131,0.048,0.018,1.7,0.6,4.3,2.4,-1226.0,0.077,0.131,74.0,21.1,-0.085,1.6,1.2,0.048,0.4,0.242
2018,18.5,0.5,,0.026,0.006,276,10484,,,,,,0.261,,,0.4,-0.889,3.8,,,,,,,,,2.8,,-0.053,,HSG,9.3,18.0,89.0,18.0,0.9,0.9,0.3,5038.0,0.1,0.023,0.004,2.3,0.6,7.9,2.3,-1512.0,0.082,0.125,90.0,20.2,-0.31,1.7,1.7,0.023,0.3,-0.525
2017,6.7,1.5,0.1,0.244,0.064,2482,11070,,,,,,0.227,,,0.3,-0.301,4.4,,,,,,,,,3.4,,0.198,,HSG,7.5,18.0,110.0,11.0,3.6,1.0,0.4,10600.0,0.161,0.075,0.043,3.1,0.7,4.3,4.4,-456.0,0.091,0.099,117.0,20.2,-0.534,1.2,1.2,0.075,0.7,-0.416
2016,5.4,2.1,0.1,0.451,0.154,3553,9242,,,,,,0.327,,,0.5,1.453,3.1,,,,,,,,,2.0,,0.419,,HSG,5.8,15.0,89.0,15.0,10.9,1.0,0.4,18143.0,0.232,0.121,0.089,1.7,0.6,2.1,3.8,263.0,0.05,0.024,89.0,24.3,-0.395,1.4,1.2,0.121,0.9,0.173
2015,5.3,1.2,0.25,0.25,0.079,1448,6512,,,,,,0.365,,,0.6,0.653,2.7,,,,,,,,,1.7,,0.285,,HSG,5.8,15.0,74.0,15.0,5.6,1.0,0.4,15471.0,0.162,0.076,0.042,1.4,0.5,3.0,2.6,-13.0,0.072,0.037,74.0,23.6,-0.196,1.9,1.3,0.076,0.7,0.425
2014,,,0.1,0.18,0.051,876,5069,,,,,,0.271,,,0.4,-0.225,3.7,,,,,,,,,2.7,,0.083,,HSG,8.7,15.0,83.0,13.0,3.9,0.9,0.3,10857.0,0.114,0.044,0.027,2.5,0.7,4.9,4.6,-440.0,0.042,0.03,85.0,24.0,-0.302,1.7,1.3,0.044,0.8,-0.076
2013,,,0.25,0.257,0.085,1131,4683,,,,,,0.299,,,0.4,0.417,3.3,,,,,,,,,2.3,,0.133,,HSG,6.3,16.0,74.0,13.0,5.3,1.0,0.3,11754.0,0.144,0.071,0.045,2.0,0.6,3.1,4.6,-52.0,0.032,0.018,77.0,22.4,-0.266,1.6,1.2,0.071,0.8,0.184
2012,,,0.25,0.201,0.069,798,4132,,,,,,0.383,,,0.6,0.711,2.6,,,,,,,,,1.6,,0.081,,HSG,5.0,18.0,66.0,22.0,2.5,1.0,0.6,9925.0,0.136,0.071,0.038,1.4,0.5,3.1,2.8,108.0,0.061,0.051,61.0,20.8,-0.017,1.9,1.1,0.071,0.6,0.115
2011,,,0.2,0.127,0.043,466,3821,,,,,,0.311,,,0.5,1.522,3.2,,,,,,,,,2.2,,0.083,,HSG,4.2,18.0,78.0,21.0,2.0,1.0,0.3,8905.0,0.133,0.073,0.025,1.8,0.5,3.2,2.7,-49.0,0.038,0.075,75.0,20.6,-0.222,1.5,1.0,0.073,0.4,0.018
2010,,,0.05,0.064,0.023,185,3529,,,,,,0.372,,,0.6,-0.802,2.7,,,,,,,,,1.7,,0.588,,HSG,5.7,24.0,87.0,16.0,,0.9,0.4,8750.0,0.153,0.083,0.017,1.4,0.5,3.1,3.4,-190.0,0.036,0.035,94.0,15.5,-0.858,1.2,1.3,0.083,0.3,-0.34
2009,,,,0.514,0.182,935,2222,,,,,,0.344,,,0.5,4.625,2.9,,,,,,,,,1.9,,0.567,,HSG,6.1,23.0,109.0,17.0,8.8,1.0,0.4,13249.0,0.272,0.198,0.141,1.7,0.6,1.9,2.7,8.0,0.125,0.052,115.0,16.0,-0.404,1.0,1.1,0.198,0.8,1.734
2008,,,0.1,0.115,0.046,166,1418,,,,,,0.371,,,0.6,-0.457,2.7,,,,,,,,,1.7,,-0.032,,HSG,,15.0,87.0,14.0,2.3,0.9,0.3,4845.0,0.177,0.092,0.03,1.5,0.6,3.4,2.4,-52.0,0.099,,88.0,23.6,-0.043,1.4,1.2,0.092,0.4,-0.235
2007,,,,0.307,0.12,306,1465,,,,,,0.426,,,0.7,0.445,2.3,,,,,,,,,1.3,,1.767,,HSG,,17.0,85.0,12.0,3.1,1.3,0.5,6330.0,0.174,0.107,0.075,1.1,0.5,2.5,1.4,205.0,0.033,,90.0,21.8,-0.827,1.2,1.1,0.107,0.8,-0.159
2024,14.3,1.1,,0.08,0.035,1012,13118,,,,,,0.434,,,0.8,2.858,2.3,,,,,,,,,1.3,,0.083,,NKG,10.2,45.0,121.0,23.0,3.3,1.3,0.5,3674.0,0.089,0.034,0.022,1.1,0.5,5.2,,2581.0,0.067,0.073,143.0,8.1,-0.438,1.5,0.8,0.034,0.8,0.292
2023,73.2,1.6,,0.022,0.009,262,12116,,,,,,0.443,,,0.8,-1.942,2.3,,,,,,,,,1.3,,0.019,,NKG,13.0,48.0,133.0,47.0,1.3,1.4,0.5,2844.0,0.06,0.02,0.006,0.9,0.4,6.6,,2539.0,0.145,0.131,133.0,7.7,-0.055,1.5,0.7,0.02,0.5,0.454
2022,-34.3,0.8,,-0.023,-0.009,-278,11885,,,,,,0.395,,,0.7,-1.033,2.5,,,,,,,,,1.5,,-0.453,,NKG,18.1,39.0,129.0,67.0,0.4,1.3,0.4,1956.0,0.064,0.004,,1.0,0.4,9.5,1663.5,2306.0,0.189,0.262,101.0,9.4,-0.082,1.7,,0.004,-1.1,-0.875
2021,3.7,1.4,0.032,0.5,0.192,8452,21738,,,,,,0.372,,,0.6,6.536,2.7,,,,,,,,,1.7,,0.799,,NKG,3.7,20.0,81.0,36.0,11.3,1.3,0.4,15625.0,0.152,0.098,0.079,0.7,0.2,1.1,81.1,2617.0,0.131,0.097,64.0,18.7,-0.052,1.8,0.9,0.098,0.9,2.211
2020,9.0,0.8,0.03,0.095,0.037,1121,12082,,,,,,0.41,,,0.7,4.198,2.4,,,,,,,,,1.4,,-0.121,,NKG,9.3,8.0,85.0,50.0,2.3,1.1,0.5,4866.0,0.075,0.044,0.026,0.9,0.4,3.4,5.2,394.0,0.069,0.047,42.0,47.4,-0.017,1.5,0.9,0.044,0.6,0.755
2019,26.1,0.4,,0.016,0.006,215,13750,,,,,,0.374,,,0.6,-0.178,2.7,,,,,,,,,1.7,,0.011,,NKG,8.4,20.0,77.0,36.0,0.3,1.0,0.4,2773.0,0.028,0.005,0.004,1.0,0.4,7.4,3.4,93.0,0.025,0.063,61.0,18.6,-0.028,1.5,1.9,0.005,1.4,-0.467
2018,24.6,0.5,,0.019,0.006,262,13604,,,,,,0.366,,,0.6,-0.919,2.7,,,,,,,,,1.7,,0.01,,NKG,8.1,20.0,85.0,20.0,1.2,1.0,0.4,5200.0,0.054,0.026,0.004,1.5,0.5,6.5,2.6,178.0,0.155,0.386,85.0,18.2,-0.121,1.8,1.1,0.026,0.2,-0.621
2017,7.0,1.7,0.1,0.313,0.085,3239,13463,,,,,,0.289,,,0.4,0.366,3.5,,,,,,,,,2.5,,0.864,,NKG,5.5,20.0,99.0,17.0,3.8,1.1,0.4,13714.0,0.108,0.081,0.056,2.1,0.6,3.8,2.7,572.0,0.032,0.033,102.0,18.5,-0.266,1.2,1.1,0.081,0.8,-0.217
2016,5.6,1.8,,0.467,0.104,2370,7222,,,,,,0.247,,,0.3,3.107,4.1,,,,,,,,,3.0,,1.466,,NKG,7.1,15.0,72.0,27.0,5.6,1.0,0.4,17516.0,0.113,0.089,0.058,2.6,0.7,3.2,1.2,126.0,0.11,0.062,60.0,24.9,-1.229,1.4,1.2,0.089,0.8,0.697
2015,7.3,1.4,,0.22,0.039,577,2929,,,,,,0.179,,,0.2,0.645,5.6,,,,,,,,,4.6,,0.263,,NKG,6.4,27.0,71.0,75.0,3.8,0.9,0.3,10320.0,0.078,0.054,0.022,3.1,0.6,3.5,1.4,-289.0,0.08,0.062,24.0,13.4,-0.486,1.6,1.2,0.054,0.5,0.271
2014,,,,0.183,0.029,350,2318,,,,,,0.172,,,0.2,0.478,5.8,,,,,,,,,4.8,,0.536,,NKG,5.7,27.0,59.0,67.0,1.7,1.0,0.5,8123.0,0.054,0.032,0.013,2.1,0.4,3.9,0.7,-26.0,0.064,0.051,20.0,13.4,-0.177,2.0,1.1,0.032,0.4,-0.102
2013,,,,0.171,0.023,237,1510,,,,,,0.142,,,0.2,-1.493,7.0,,,,,,,,,6.0,,0.187,,NKG,5.5,26.0,70.0,50.0,1.2,0.9,0.3,9042.0,0.065,0.041,0.011,3.5,0.5,4.8,1.0,-122.0,0.059,0.07,46.0,14.2,-0.165,2.0,1.0,0.041,0.3,2.141
2012,,,,-0.318,-0.05,-481,1272,,,,,,0.122,,,0.1,-10.072,8.2,,,,,,,,,7.2,,-0.27,,NKG,20.4,34.0,108.0,54.0,0.3,0.9,0.3,2878.0,0.04,0.016,-0.036,5.2,0.6,14.8,1.3,-145.0,0.016,0.018,88.0,10.7,-0.393,1.3,1.0,0.016,-2.3,-0.572
2011,,,,0.03,0.006,53,1744,,,,,,0.196,,,0.2,-0.889,5.1,,,,,,,,,4.1,,0.008,,NKG,7.5,48.0,113.0,43.0,1.4,0.9,0.3,6729.0,0.08,0.062,0.004,2.9,0.6,6.0,4.8,-112.0,0.039,0.039,117.0,7.6,-0.4,1.3,1.2,0.062,0.1,-0.495
2010,,,0.04,0.375,0.083,477,1730,,,,,,0.232,,,0.3,0.404,4.3,,,,,,,,,3.3,,1.158,,NKG,5.6,42.0,89.0,32.0,3.6,1.2,0.6,13324.0,0.1,0.091,0.041,2.7,0.6,2.8,10.7,184.0,0.168,0.094,99.0,8.6,-1.091,1.6,1.2,0.091,0.6,0.133
2009,,,,0.757,0.125,340,802,,,,,,0.198,,,0.2,13.498,5.0,,,,,,,,,4.0,,7.327,,NKG,,26.0,80.0,41.0,6.0,1.1,0.4,11762.0,0.094,0.08,0.052,2.2,0.4,2.1,11.4,64.0,0.404,,65.0,14.0,-0.154,1.6,1.0,0.08,0.7,0.909
2024,16.5,1.8,,0.111,0.036,2274,20480,,,,,,0.32,,,0.6,0.02,3.1,,,,,,,,,1.8,,0.003,,PLX,9.6,10.0,21.0,32.0,4.9,1.2,0.9,3841.0,0.061,0.01,0.01,0.6,0.2,3.8,35.7,8364.0,0.51,0.347,-1.0,35.5,-0.147,3.5,0.7,0.01,1.4,0.14
2023,14.9,1.6,0.045,0.112,0.037,2230,20415,,,,,,0.326,,,0.6,0.955,3.1,,,,,,,,,1.7,,0.059,,PLX,12.8,8.0,22.0,33.0,2.4,1.2,0.9,3369.0,0.056,0.008,0.01,0.7,0.2,3.9,29.6,7646.0,0.481,0.31,-2.0,45.2,-0.121,3.4,0.7,0.008,1.8,0.377
2022,26.3,1.6,0.023,0.058,0.021,1140,19276,,,,,,0.329,,,0.6,-0.489,3.0,,,,,,,,,1.7,,-0.025,,PLX,18.2,6.0,19.0,25.0,1.5,1.1,0.7,2446.0,0.041,0.003,0.005,0.5,0.2,4.7,16.5,4476.0,0.418,0.244,1.0,57.5,-0.148,4.1,0.6,0.003,2.3,-0.371
2021,22.7,2.6,,0.123,0.045,2234,19772,,,,,,0.388,,,0.8,1.872,2.6,,,,,,,,,1.3,,0.187,,PLX,15.0,9.0,26.0,32.0,4.6,1.2,0.8,3889.0,0.075,0.016,0.017,0.5,0.2,3.1,12.4,6097.0,0.219,0.1,4.0,39.8,-0.112,2.6,0.7,0.016,1.4,0.813
2020,68.7,3.2,,0.045,0.016,777,16655,,,,,,0.346,,,0.7,-0.762,2.9,,,,,,,,,1.5,,-0.081,,PLX,26.6,10.0,34.0,42.0,0.9,1.1,0.8,2146.0,0.081,0.005,0.008,0.7,0.3,5.7,11.3,2397.0,0.44,0.168,2.0,35.5,-0.119,2.0,0.7,0.005,2.2,-0.595
2019,15.6,2.8,,0.192,0.07,3272,18130,,,,,,0.373,,,0.7,0.109,2.7,,,,,,,,,1.4,,0.132,,PLX,7.7,14.0,23.0,27.0,6.1,1.1,0.8,5300.0,0.075,0.025,0.022,0.6,0.2,2.2,9.7,4580.0,0.435,0.236,10.0,25.2,-0.157,3.1,1.4,0.025,1.2,0.0
2018,15.8,2.9,,0.183,0.063,2949,16011,,,,,,0.361,,,0.7,0.081,2.8,,,,,,,,,1.4,,-0.009,,PLX,12.0,13.0,24.0,29.0,5.5,1.1,0.8,5300.0,0.072,0.025,0.02,0.6,0.3,2.2,9.9,3111.0,0.443,0.142,8.0,27.8,-0.154,3.4,1.4,0.025,1.1,0.067
2017,23.0,3.9,,0.171,0.06,2729,16149,,,,,,0.332,,,0.6,-0.257,3.0,,,,,,,,,1.6,,0.027,,PLX,11.8,15.0,28.0,34.0,7.3,1.1,0.8,4968.0,0.08,0.027,0.023,0.7,0.3,2.0,5.7,4769.0,0.608,0.185,10.0,23.7,-0.195,2.5,1.4,0.027,1.2,-0.221
2016,,,,0.277,0.089,3674,15723,,,,,,0.368,,,0.7,0.517,2.7,,,,,,,,,1.3,,0.453,,PLX,6.9,17.0,27.0,34.0,9.9,1.2,0.9,6379.0,0.115,0.045,0.038,0.4,0.2,1.7,2.5,5434.0,0.489,0.212,10.0,22.1,-0.204,2.3,1.3,0.045,1.1,-0.044
2024,9.0,1.3,,0.15,0.059,3070,21682,,,,,,0.389,,,1.1,0.124,2.6,,,,,,,,,0.9,,0.133,,PVT,3.8,91.0,11.0,32.0,4.6,1.8,1.7,10997.0,0.208,0.165,0.093,0.7,0.3,1.7,0.3,2934.0,0.111,0.154,69.0,4.0,-0.329,0.6,0.6,0.165,1.0,0.285
2023,8.7,1.2,0.013,0.152,0.061,2731,19130,,,,,,0.389,,,1.1,0.134,2.6,,,,,,,,,0.9,,0.135,,PVT,5.4,117.0,10.0,38.0,4.0,1.9,1.8,8557.0,0.192,0.148,0.102,0.7,0.3,1.7,0.3,2905.0,0.108,0.107,89.0,3.1,-0.415,0.5,0.6,0.148,1.1,0.14
2022,8.1,1.2,0.015,0.153,0.064,2408,16859,,,,,,0.421,,,1.3,0.181,2.4,,,,,,,,,0.8,,0.05,,PVT,4.4,114.0,8.0,37.0,5.8,2.1,2.0,7508.0,0.183,0.136,0.095,0.5,0.3,1.4,0.4,3231.0,0.224,0.276,85.0,3.2,-0.229,0.6,0.6,0.136,1.2,0.293
2021,11.7,1.5,,0.131,0.056,2038,16050,,,,,,0.416,,,1.3,-0.015,2.4,,,,,,,,,0.8,,0.063,,PVT,5.2,114.0,7.0,42.0,6.7,2.0,1.9,5808.0,0.166,0.127,0.088,0.5,0.3,1.6,0.3,2400.0,0.184,0.203,80.0,3.2,-0.277,0.6,0.6,0.127,1.1,0.015
2020,6.5,0.9,0.074,0.144,0.061,2068,15095,,,,,,0.441,,,1.3,-0.029,2.3,,,,,,,,,0.8,,0.115,,PVT,4.6,88.0,7.0,39.0,6.0,1.9,1.9,5721.0,0.151,0.116,0.091,0.4,0.2,1.7,0.3,2243.0,0.235,0.281,56.0,4.1,-0.03,0.7,0.6,0.116,1.2,-0.04
2019,6.4,1.0,0.029,0.164,0.065,2130,13536,,,,,,0.398,,,1.1,0.058,2.5,,,,,,,,,0.9,,0.089,,PVT,3.8,39.0,8.0,38.0,5.5,1.5,1.5,5961.0,0.154,0.12,0.089,0.6,0.3,1.9,0.4,1318.0,0.212,0.429,8.0,9.5,-0.269,0.7,1.5,0.12,1.1,0.197
2018,6.2,1.0,0.1,0.169,0.067,2014,12429,,,,,,0.394,,,1.0,0.449,2.5,,,,,,,,,1.0,,0.091,,PVT,5.3,39.0,7.0,41.0,6.6,1.8,1.7,4980.0,0.144,0.107,0.087,0.6,0.3,2.0,0.3,1844.0,0.249,0.278,5.0,9.4,-0.249,0.7,1.5,0.107,1.2,0.187
2017,10.2,1.2,0.1,0.124,0.049,1390,11393,,,,,,0.401,,,1.0,0.083,2.5,,,,,,,,,1.0,,0.032,,PVT,5.6,40.0,6.0,46.0,4.0,2.0,1.9,4197.0,0.138,0.098,0.073,0.6,0.3,2.4,0.2,1922.0,0.42,0.348,1.0,9.0,-0.086,0.7,1.5,0.098,1.1,0.137
2016,6.3,0.7,0.1,0.119,0.044,1283,11039,,,,,,0.394,,,0.9,0.129,2.5,,,,,,,,,1.1,,0.052,,PVT,6.0,37.0,6.0,46.0,4.3,2.0,1.9,3693.0,0.113,0.078,0.062,0.7,0.3,3.3,0.2,1849.0,0.309,0.372,-3.0,10.0,-0.072,0.7,1.4,0.078,1.1,-0.06
2015,5.4,0.6,0.08,0.113,0.039,1137,10495,,,,,,0.352,,,0.8,0.079,2.8,,,,,,,,,1.2,,0.484,,PVT,4.3,41.0,8.0,48.0,5.8,1.7,1.6,3928.0,0.135,0.097,0.064,0.8,0.4,3.7,0.3,1450.0,0.517,0.767,0.0,9.0,-0.066,0.6,1.5,0.097,1.0,0.278
2014,,,,0.115,0.036,1054,7072,,,,,,0.245,,,0.6,0.425,4.1,,,,,,,,,1.7,,0.136,,PVT,6.8,39.0,8.0,43.0,3.7,2.1,2.1,3073.0,0.104,0.067,0.065,1.2,0.4,5.4,0.2,1736.0,0.549,0.584,4.0,9.4,-0.104,0.6,1.4,0.067,1.4,-0.033
2013,,,,0.089,0.027,739,6225,,,,,,0.211,,,0.5,1.19,4.7,,,,,,,,,2.1,,0.08,,PVT,7.4,54.0,8.0,43.0,3.3,1.9,1.8,3178.0,0.113,0.075,0.048,1.5,0.5,5.6,0.2,1625.0,0.708,0.733,20.0,6.7,-0.053,0.5,1.7,0.075,1.1,0.277
2012,,,,0.045,0.014,337,5766,,,,,,0.235,,,0.6,3.322,4.3,,,,,,,,,1.8,,0.202,,PVT,7.5,67.0,8.0,38.0,1.6,2.0,2.0,2490.0,0.103,0.048,0.025,1.5,0.5,7.1,0.3,1631.0,0.421,0.996,37.0,5.4,-0.023,0.6,0.3,0.048,0.2,-0.126
2011,,,,0.011,0.003,78,4796,,,,,,0.193,,,0.5,-0.663,5.2,,,,,,,,,2.2,,-0.014,,PVT,6.0,51.0,10.0,36.0,1.5,1.9,1.9,2849.0,0.095,0.062,0.006,1.9,0.5,6.3,0.2,1410.0,0.36,0.979,25.0,7.2,-0.023,0.5,2.6,0.062,0.3,-0.194
2010,,,,0.04,0.011,231,4866,,,,,,0.203,,,0.5,7.601,4.9,,,,,,,,,2.0,,1.13,,PVT,8.6,39.0,11.0,47.0,1.8,1.7,1.6,3537.0,0.104,0.07,0.021,1.8,0.5,5.5,0.3,1001.0,0.469,0.437,3.0,9.4,-0.125,0.5,0.8,0.07,0.2,-0.018
2009,,,,0.008,0.001,26,2284,,,,,,0.116,,,0.3,-0.874,8.6,,,,,,,,,3.0,,-9.283,,PVT,14.3,38.0,11.0,61.0,0.5,1.3,1.2,3600.0,0.077,0.029,0.005,2.3,0.5,8.3,0.2,423.0,0.708,0.342,-11.0,9.5,-0.388,0.3,1.1,0.029,0.2,-0.153
2008,,,,0.092,0.018,213,-275,,,,,,-0.015,,,0.2,2.683,-65.8,,,,,,,,,5.7,,-1.117,,PVT,,25.0,7.0,24.0,1.5,1.0,1.0,4249.0,0.184,0.129,0.062,4.4,0.6,6.4,0.8,99.0,2.668,,9.0,14.4,-0.623,0.2,1.8,0.129,0.9,1.289
2007,,,0.02,0.029,0.012,57,2348,,,,,,0.432,,,0.8,-0.583,2.3,,,,,,,,,1.3,,0.475,,PVT,,37.0,18.0,26.0,1.4,0.7,0.7,1856.0,0.212,0.15,0.06,0.8,0.4,6.6,0.1,-126.0,0.337,,29.0,9.9,-0.152,0.2,1.4,0.15,0.6,
2024,50.4,3.3,,0.07,0.014,1389,21025,,,,,,0.205,,,0.4,3.774,4.9,,,,,,,,,2.6,,0.139,,MSN,14.6,-26.0,75.0,44.0,1.0,0.9,0.7,7002.0,0.296,0.074,0.024,1.6,0.4,6.6,0.7,-5143.0,0.457,0.216,5.0,,-0.084,0.6,0.3,0.074,1.0,0.221
2023,230.2,3.6,,0.016,0.003,291,18465,,,,,,0.18,,,0.4,-0.883,5.5,,,,,,,,,2.9,,0.016,,MSN,20.3,-57.0,90.0,46.0,0.6,0.9,0.6,5735.0,0.283,0.053,0.005,1.8,0.5,8.6,0.7,-6659.0,0.265,0.106,-13.0,,-0.052,0.5,0.2,0.053,0.6,-0.177
2022,37.5,5.1,0.009,0.121,0.027,2479,18182,,,,,,0.185,,,0.3,-0.586,5.4,,,,,,,,,2.9,,-0.207,,MSN,18.5,-21.0,90.0,50.0,1.0,0.7,0.5,6970.0,0.276,0.061,0.047,1.9,0.5,7.1,1.3,-17646.0,0.378,0.135,20.0,,-0.096,0.5,0.7,0.061,1.1,-0.248
2021,23.6,6.2,0.008,0.351,0.071,5984,22931,,,,,,0.26,,,0.5,5.905,3.8,,,,,,,,,2.0,,1.048,,MSN,20.9,0.0,69.0,40.0,1.3,1.3,0.9,9269.0,0.25,0.071,0.097,1.4,0.5,5.5,0.5,9082.0,0.527,0.132,29.0,,-0.066,0.7,0.7,0.071,1.8,0.733
2020,84.0,6.5,,0.042,0.012,866,11194,,,,,,0.138,,,0.3,-0.816,7.3,,,,,,,,,3.6,,-0.691,,MSN,27.3,-36.0,68.0,37.0,0.4,0.8,0.4,5347.0,0.232,0.022,0.016,2.5,0.5,7.3,0.6,-9114.0,0.308,0.067,-5.0,,-0.074,0.7,0.5,0.022,1.4,-0.179
2019,11.8,1.5,0.036,0.154,0.069,4707,36237,,,,,,0.44,,,1.1,0.13,2.3,,,,,,,,,0.9,,0.451,,MSN,12.1,14.0,96.0,48.0,2.6,0.8,0.5,6510.0,0.293,0.13,0.149,0.6,0.3,3.4,1.6,-6230.0,0.131,0.099,62.0,27.0,-0.078,0.4,1.3,0.13,1.5,-0.085
2018,18.2,3.0,,0.222,0.077,4164,24977,,,,,,0.457,,,1.1,0.585,2.2,,,,,,,,,0.9,,0.987,,MSN,16.5,13.0,60.0,33.0,2.1,0.8,0.5,7116.0,0.311,0.145,0.129,0.6,0.3,3.4,0.7,-3296.0,0.135,0.045,40.0,27.8,-0.09,0.6,1.3,0.145,1.1,-0.027
2017,28.6,6.0,,0.206,0.045,2628,12567,,,,,,0.234,,,0.5,0.111,4.3,,,,,,,,,2.1,,-0.029,,MSN,17.3,12.0,68.0,33.0,1.3,1.0,0.7,7312.0,0.309,0.118,0.082,1.7,0.5,5.4,0.4,-388.0,0.367,0.079,47.0,29.9,-0.071,0.6,1.3,0.118,0.9,-0.341
2016,17.1,3.1,0.11,0.175,0.039,2364,12940,,,,,,0.209,,,0.4,0.888,4.8,,,,,,,,,2.6,,-0.081,,MSN,9.3,9.0,59.0,28.0,1.9,1.3,1.0,11094.0,0.299,0.139,0.064,2.0,0.6,4.6,0.3,4978.0,0.647,0.26,40.0,39.8,-0.098,0.6,1.6,0.139,0.7,0.39
2015,38.6,3.4,0.19,0.093,0.024,1252,14073,,,,,,0.231,,,0.6,0.369,4.3,,,,,,,,,1.7,,1.049,,MSN,13.5,31.0,53.0,26.0,1.7,1.1,0.8,7979.0,0.32,0.134,0.048,1.3,0.5,5.0,0.3,1704.0,0.307,0.159,58.0,11.7,-0.143,0.4,2.2,0.134,0.8,0.541
2014,,,,0.073,0.022,914,6867,,,,,,0.153,,,0.5,1.394,6.5,,,,,,,,,2.1,,0.447,,MSN,19.9,53.0,51.0,35.0,1.8,1.4,1.3,5177.0,0.41,0.167,0.067,1.6,0.4,5.6,0.3,4632.0,0.344,0.09,69.0,6.8,-0.113,0.3,2.5,0.167,1.0,0.407
2013,,,,0.032,0.011,382,4747,,,,,,0.121,,,0.6,-0.642,8.3,,,,,,,,,1.6,,-0.305,,MSN,29.8,7.0,43.0,47.0,5.1,1.1,1.0,3680.0,0.419,0.178,0.038,1.3,0.4,6.3,0.5,1415.0,0.395,0.087,3.0,50.5,-0.166,0.3,4.5,0.178,0.9,-0.118
2012,,,,0.085,0.035,1067,6830,,,,,,0.208,,,0.7,-0.361,4.8,,,,,,,,,1.4,,-0.209,,MSN,33.8,6.0,35.0,42.0,7.7,1.9,1.8,4171.0,0.405,0.208,0.121,1.0,0.4,4.8,0.1,4473.0,0.412,0.073,-1.0,66.0,-0.326,0.3,2.0,0.208,1.2,0.204
2011,,,,0.149,0.072,1671,8636,,,,,,0.304,,,1.3,-0.136,3.3,,,,,,,,,0.8,,0.121,,MSN,33.1,7.0,41.0,37.0,5.2,3.5,3.3,3463.0,0.433,0.233,0.28,0.6,0.3,4.4,0.3,8916.0,0.603,0.164,11.0,54.8,-0.196,0.2,1.5,0.233,1.7,0.302
2010,,,,0.297,0.162,1933,7707,,,,,,0.431,,,1.2,4.481,2.3,,,,,,,,,0.8,,1.043,,MSN,33.2,4.0,28.0,39.0,5.3,1.4,1.3,2661.0,0.428,0.22,0.409,0.6,0.3,2.8,0.2,1402.0,0.32,0.081,-8.0,92.4,-0.103,0.3,1.2,0.22,2.2,-0.076
2024,24.2,3.3,,0.146,0.057,2516,18768,,,,,,0.394,,,0.7,21.198,2.5,,,,,,,,,1.5,,0.189,,MWG,14.9,61.0,75.0,29.0,3.6,1.6,1.0,4783.0,0.205,0.03,0.028,1.0,0.4,3.7,,23520.0,0.174,0.055,107.0,6.0,-0.085,1.9,0.8,0.03,1.2,0.848
2023,374.5,2.7,0.012,0.007,0.003,113,15785,,,,,,0.388,,,0.6,-0.96,2.6,,,,,,,,,1.6,,-0.035,,MWG,26.6,61.0,91.0,33.0,0.3,1.7,1.0,2588.0,0.19,0.004,0.001,1.1,0.4,5.5,3.2,21185.0,0.23,0.067,119.0,5.9,-0.081,2.0,0.2,0.004,1.6,-0.723
2022,15.0,2.6,0.012,0.185,0.069,2805,16365,,,,,,0.428,,,0.8,-0.163,2.3,,,,,,,,,1.3,,0.175,,MWG,7.2,38.0,98.0,39.0,4.9,1.7,0.7,9357.0,0.231,0.05,0.031,0.7,0.3,2.0,1.8,18577.0,0.211,0.088,97.0,9.5,-0.459,2.4,0.7,0.05,0.9,-0.381
2021,20.0,4.8,0.015,0.273,0.09,3349,13926,,,,,,0.323,,,0.5,0.251,3.1,,,,,,,,,2.1,,0.317,,MWG,14.1,26.0,93.0,36.0,8.7,1.2,0.5,15117.0,0.225,0.048,0.04,1.2,0.4,2.3,,9362.0,0.203,0.038,82.0,14.3,-0.516,2.0,0.8,0.048,1.1,-0.086
2020,14.7,3.7,0.013,0.284,0.089,2677,10573,,,,,,0.336,,,0.5,-0.502,3.0,,,,,,,,,2.0,,-0.379,,MWG,10.4,24.0,97.0,48.0,8.8,1.3,0.6,16530.0,0.221,0.048,0.036,1.1,0.4,2.1,13.9,7895.0,0.475,0.11,73.0,15.0,-0.536,2.4,0.7,0.048,1.0,0.142
2019,13.9,4.4,0.02,0.363,0.11,5378,17024,,,,,,0.291,,,0.4,0.332,3.4,,,,,,,,,2.4,,0.352,,MWG,6.7,1.0,95.0,41.0,8.8,1.2,0.3,14474.0,0.191,0.049,0.038,1.2,0.3,1.7,11.6,6570.0,0.257,0.085,56.0,323.4,-0.568,2.4,1.3,0.049,1.0,0.08
2018,13.9,4.5,0.15,0.387,0.113,4038,12591,,,,,,0.319,,,0.5,0.305,3.1,,,,,,,,,2.1,,0.52,,MWG,8.1,4.0,76.0,37.0,8.9,1.3,0.3,13396.0,0.177,0.045,0.033,0.8,0.3,1.4,4.8,5443.0,0.417,0.1,42.0,96.1,-0.449,3.1,1.3,0.045,1.0,-0.091
2017,20.2,7.5,0.15,0.453,0.117,3093,8284,,,,,,0.259,,,0.3,0.398,3.9,,,,,,,,,2.9,,0.538,,MWG,9.7,5.0,71.0,38.0,11.9,1.2,0.4,14732.0,0.168,0.042,0.033,1.2,0.3,1.7,4.7,3149.0,0.577,0.104,37.0,79.2,-0.596,2.9,1.3,0.042,1.0,-0.068
2016,16.7,6.8,0.15,0.499,0.143,2212,5385,,,,,,0.258,,,0.3,0.472,3.9,,,,,,,,,2.9,,0.547,,MWG,12.4,1.0,70.0,29.0,16.6,1.1,0.3,15811.0,0.162,0.045,0.035,1.2,0.3,1.4,,1276.0,0.26,0.039,42.0,278.5,-0.61,3.0,1.3,0.045,1.0,0.347
2015,12.1,5.2,0.15,0.542,0.201,1503,3481,,,,,,0.342,,,0.5,0.604,2.9,,,,,,,,,1.9,,0.693,,MWG,8.4,1.0,61.0,22.0,34.0,1.3,0.3,11737.0,0.155,0.052,0.042,0.8,0.3,0.9,,1394.0,0.138,0.031,39.0,416.1,-0.691,3.5,1.3,0.052,1.0,-0.218
2014,,,,0.587,0.237,937,2056,,,,,,0.43,,,0.8,1.614,2.3,,,,,,,,,1.3,,0.889,,MWG,11.1,1.0,48.0,21.0,37.9,1.5,0.3,15013.0,0.152,0.051,0.042,0.4,0.2,0.6,,914.0,0.144,0.022,27.0,341.6,-0.613,4.6,1.3,0.051,1.1,-0.576
2013,,,,0.407,0.134,358,1088,,,,,,0.348,,,0.6,1.044,2.9,,,,,,,,,1.8,,0.714,,MWG,0.8,1.0,51.0,28.0,13.0,1.4,0.4,35432.0,0.148,0.036,0.027,0.6,0.2,1.2,,502.0,0.381,,24.0,303.0,-0.517,4.3,1.4,0.036,1.0,0.477
2012,,,,0.329,0.08,175,634,,,,,,0.284,,,0.4,-0.211,3.5,,,,,,,,,2.5,,0.52,,MWG,0.0,1.0,54.0,39.0,4.0,1.1,0.3,23995.0,0.162,0.029,0.017,0.9,0.2,1.4,,145.0,0.23,,16.0,490.0,-0.32,4.6,1.3,0.029,0.8,-0.465
2011,,,,0.708,0.148,222,417,,,,,,0.194,,,0.2,0.441,5.2,,,,,,,,,4.0,,1.162,,MWG,,1.0,50.0,36.0,8.2,1.0,0.3,44869.0,0.177,0.042,0.029,1.0,0.2,0.8,,21.0,0.264,,15.0,494.6,-0.863,3.5,1.3,0.042,0.9,-0.825
