Ngay,GiaDieuChinh,GiaDongCua,ThayDoi,KhoiLuongKhopLenh,GiaTriKhopLenh,KLThoaThuan,GtThoaThuan,GiaMoCua,GiaCaoNhat,GiaThapNhat
2025-05-22,12.25,0.0,-12.45(-100.00 %),8481400,12250,0,0,12.5,12.5,12.2
2025-05-21,12.45,12.45,0.35(2.89 %),15181100,187238405000,0,0,12.15,12.55,12.05
2025-05-20,12.1,12.1,-0.05(-0.41 %),6132500,74728200000,0,0,12.2,12.35,12.1
2025-05-19,12.15,12.15,-0.05(-0.41 %),7670500,93983305000,0,0,12.15,12.35,12.1
2025-05-16,12.2,12.2,-0.2(-1.61 %),6694300,82251520000,0,0,12.45,12.45,12.15
2025-05-15,12.4,12.4,0.25(2.06 %),17102300,209642660000,0,0,12.2,12.45,12.05
2025-05-14,12.15,12.15,0(0.00 %),4966800,60268790000,0,0,12.15,12.3,12.05
2025-05-13,12.15,12.15,0.1(0.83 %),5417100,65460535000,0,0,12.15,12.2,12.0
2025-05-12,12.05,12.05,0.05(0.42 %),4156900,49867120000,0,0,12.1,12.15,11.9
2025-05-09,12.0,12.0,-0.15(-1.23 %),8082300,98547220000,0,0,12.2,12.5,12.0
2025-05-08,12.15,12.15,0(0.00 %),5571100,67841235000,0,0,12.25,12.3,12.05
2025-05-07,12.15,12.15,0.05(0.41 %),5346700,64953895000,0,0,12.0,12.25,12.0
2025-05-06,12.1,12.1,0(0.00 %),6767400,82510600000,0,0,12.2,12.3,12.1
2025-05-05,12.1,12.1,0.3(2.54 %),4669600,56031395000,0,0,12.05,12.15,11.8
2025-04-29,11.8,11.8,0(0.00 %),3145100,37094000000,116700,1396899000,11.95,11.95,11.75
2025-04-28,11.8,11.8,-0.1(-0.84 %),2704100,32133000000,0,0,12.0,12.05,11.8
2025-04-25,11.9,11.9,-0.05(-0.42 %),7785400,93894000000,0,0,12.0,12.35,11.85
2025-04-24,11.95,11.95,-0.15(-1.24 %),3929600,46952000000,0,0,12.15,12.15,11.8
2025-04-23,12.1,12.1,0.4(3.42 %),7988300,96293000000,0,0,12.1,12.25,11.85
2025-04-22,11.7,11.7,-0.2(-1.68 %),13634700,157379000000,0,0,11.8,11.9,11.1
2025-04-21,11.9,11.9,0.05(0.42 %),6119000,72732000000,0,0,11.85,12.05,11.7
2025-04-18,11.85,11.85,0(0.00 %),7581300,90326000000,100000,1180000000,11.9,12.05,11.8
2025-04-17,11.85,11.85,0(0.00 %),3434900,40486000000,0,0,11.8,11.9,11.65
2025-04-16,11.85,11.85,0.05(0.42 %),5318700,62920000000,100000,1180000000,11.9,11.95,11.75
2025-04-15,11.8,11.8,0.15(1.29 %),12952900,152999000000,0,0,11.6,12.15,11.4
2025-04-14,11.65,11.65,0.25(2.19 %),7659300,89136000000,0,0,11.6,11.8,11.5
2025-04-11,11.4,11.4,0.7(6.54 %),12379000,139311000000,1179675,11796750000,11.3,11.4,10.95
2025-04-10,10.7,10.7,0.7(7.00 %),511400,5471000000,0,0,10.7,10.7,10.7
2025-04-09,10.0,10.0,-0.45(-4.31 %),10225300,103323000000,0,0,9.72,10.7,9.72
2025-04-08,10.45,10.45,-0.75(-6.70 %),9479400,99777000000,0,0,10.7,11.1,10.45
2025-04-04,11.2,11.2,-0.2(-1.75 %),12230200,134743000000,0,0,10.65,11.5,10.65
2025-04-03,11.4,11.4,-0.85(-6.94 %),11935900,138090000000,0,0,11.7,11.95,11.4
2025-04-02,12.25,12.25,0(0.00 %),3806200,47066000000,0,0,12.3,12.5,12.25
2025-04-01,12.25,12.25,0.05(0.41 %),1666100,20393000000,0,0,12.3,12.35,12.15
2025-03-31,12.2,12.2,0.1(0.83 %),6387600,77484000000,0,0,12.05,12.35,11.95
2025-03-28,12.1,12.1,-0.25(-2.02 %),6660600,81357000000,0,0,12.35,12.4,12.1
2025-03-27,12.35,12.35,-0.05(-0.40 %),1890700,23444000000,0,0,12.4,12.5,12.35
2025-03-26,12.4,12.4,0.05(0.40 %),4364900,54304000000,0,0,12.4,12.55,12.3
2025-03-25,12.35,12.35,0(0.00 %),4179000,51763000000,0,0,12.5,12.5,12.3
2025-03-24,12.35,12.35,-0.1(-0.80 %),4745700,58522000000,0,0,12.4,12.5,12.25
2025-03-21,12.45,12.45,-0.1(-0.80 %),2700400,33715000000,0,0,12.5,12.6,12.4
2025-03-20,12.55,12.55,0(0.00 %),5122000,64010000000,0,0,12.6,12.65,12.35
2025-03-19,12.55,12.55,0.05(0.40 %),5510800,69009000000,0,0,12.55,12.7,12.45
2025-03-18,12.5,12.5,-0.05(-0.40 %),8376300,105664000000,0,0,12.65,12.75,12.5
2025-03-17,12.55,12.55,0.05(0.40 %),4409200,55317000000,0,0,12.65,12.65,12.5
2025-03-14,12.5,12.5,0(0.00 %),8415000,104937000000,0,0,12.5,12.6,12.35
2025-03-13,12.5,12.5,-0.45(-3.47 %),19285000,244755000000,0,0,12.95,13.0,12.45
2025-03-12,12.95,12.95,-0.2(-1.52 %),7468300,97369000000,0,0,13.2,13.25,12.95
2025-03-11,13.15,13.15,0.15(1.15 %),22826400,301530000000,0,0,12.9,13.45,12.8
2025-03-10,13.0,13.0,0.3(2.36 %),14937100,193226000000,0,0,12.7,13.1,12.7
2025-03-07,12.7,12.7,-0.1(-0.78 %),6632500,84749000000,0,0,12.8,12.9,12.7
2025-03-06,12.8,12.8,0.2(1.59 %),5742400,72649000000,0,0,12.65,12.8,12.55
2025-03-05,12.6,12.6,-0.3(-2.33 %),6780000,86382000000,0,0,12.9,12.95,12.6
2025-03-04,12.9,12.9,0.2(1.57 %),9864100,126302000000,0,0,12.7,12.9,12.65
2025-03-03,12.7,12.7,0.05(0.40 %),6917500,87932000000,0,0,12.7,12.8,12.6
2025-02-28,12.65,12.65,-0.2(-1.56 %),7557000,96050000000,0,0,12.85,12.85,12.6
2025-02-27,12.85,12.85,-0.05(-0.39 %),11188600,142685000000,0,0,12.95,12.95,12.6
2025-02-26,12.9,12.9,-0.15(-1.15 %),7381900,95754000000,3200000,38880000000,13.05,13.15,12.9
2025-02-25,13.05,13.05,0.15(1.16 %),9996000,129702000000,0,0,12.95,13.1,12.9
2025-02-24,12.9,12.9,-0.05(-0.39 %),5581900,71988000000,0,0,13.0,13.0,12.8
2025-02-21,12.95,12.95,0.1(0.78 %),11986200,155960000000,0,0,12.85,13.25,12.75
2025-02-20,12.85,12.85,-0.15(-1.15 %),7344600,94818000000,20000,276000000,13.1,13.1,12.8
2025-02-19,13.0,13.0,0.2(1.56 %),11307600,146678000000,0,0,12.85,13.1,12.85
2025-02-18,12.8,12.8,0(0.00 %),7475000,96178000000,0,0,12.95,13.0,12.8
2025-02-17,12.8,12.8,-0.1(-0.78 %),9051700,117421000000,0,0,12.9,13.15,12.8
2025-02-14,12.9,12.9,-0.1(-0.77 %),10737500,138749000000,0,0,13.05,13.1,12.8
2025-02-13,13.0,13.0,0(0.00 %),5735900,74206000000,0,0,13.0,13.0,12.85
2025-02-12,13.0,13.0,0.3(2.36 %),16844200,218762000000,0,0,12.7,13.2,12.7
2025-02-11,12.7,12.7,0.15(1.20 %),6665600,84871000000,0,0,12.6,12.9,12.55
2025-02-10,12.55,12.55,0(0.00 %),6736600,84889000000,0,0,12.6,12.75,12.45
2025-02-07,12.55,12.55,-0.15(-1.18 %),12310200,157084000000,0,0,12.7,13.0,12.55
2025-02-06,12.7,12.7,0(0.00 %),6404500,81130000000,0,0,12.7,12.8,12.55
2025-02-05,12.7,12.7,-0.05(-0.39 %),6598300,84052000000,0,0,12.85,12.85,12.65
2025-02-04,12.75,12.75,0.25(2.00 %),14495700,185164000000,0,0,12.55,12.95,12.55
2025-01-24,12.25,12.25,-0.15(-1.21 %),5676600,69798000000,0,0,12.4,12.45,12.25
2025-01-23,12.4,12.4,0.1(0.81 %),8456900,104504000000,0,0,12.3,12.5,12.25
2025-01-22,12.3,12.3,-0.1(-0.81 %),8132900,100093000000,0,0,12.35,12.45,12.2
2025-01-21,12.4,12.4,0(0.00 %),10371200,128049000000,0,0,12.45,12.55,12.2
2025-01-20,12.4,12.4,-0.2(-1.59 %),6228300,77697000000,0,0,12.65,12.7,12.35
2025-01-17,12.6,12.6,0(0.00 %),9503900,119878000000,0,0,12.55,12.75,12.45
2025-01-16,12.6,12.6,0.1(0.80 %),8552900,106837000000,0,0,12.55,12.65,12.35
2025-01-15,12.5,12.5,0.7(5.93 %),22423000,275682000000,0,0,11.75,12.6,11.7
2025-01-14,11.8,11.8,0(0.00 %),4803000,56821000000,0,0,11.9,12.0,11.7
2025-01-13,11.8,11.8,0.25(2.16 %),7302100,86190000000,0,0,11.55,12.0,11.45
2025-01-10,11.55,11.55,0.15(1.32 %),7366100,85728000000,0,0,11.45,11.8,11.4
2025-01-09,11.4,11.4,-0.15(-1.30 %),2454700,28214000000,0,0,11.5,11.65,11.35
2025-01-08,11.55,11.55,0.15(1.32 %),2293000,26344000000,0,0,11.35,11.6,11.35
2025-01-07,11.4,11.4,-0.2(-1.72 %),4271800,49233000000,0,0,11.55,11.8,11.3
2025-01-06,11.6,11.6,0.15(1.31 %),5618400,65676000000,0,0,11.5,11.9,11.5
2025-01-03,11.45,11.45,-0.25(-2.14 %),4424100,51391000000,0,0,11.75,11.85,11.45
2025-01-02,11.7,11.7,0.05(0.43 %),1963600,22961000000,0,0,11.65,11.75,11.65
2024-12-31,11.65,11.65,-0.15(-1.27 %),2288200,26730000000,3180171,34981881000,11.8,11.85,11.6
2024-12-30,11.8,11.8,0(0.00 %),5640400,67265000000,0,0,11.85,12.1,11.8
2024-12-27,11.8,11.8,0.15(1.29 %),5375800,62896000000,215000,2666000000,11.7,11.9,11.5
2024-12-26,11.65,11.65,-0.05(-0.43 %),4004500,47128000000,2785411,34817637500,11.7,11.95,11.6
2024-12-25,11.7,11.7,0.75(6.85 %),14071000,163046000000,215000,2279000000,10.95,11.7,10.95
2024-12-24,10.95,10.95,-0.05(-0.45 %),1546300,16911000000,0,0,11.05,11.05,10.85
2024-12-23,11.0,11.0,0.1(0.92 %),2189100,24216000000,0,0,11.1,11.15,11.0
2024-12-20,10.9,10.9,0(0.00 %),1225800,13375000000,0,0,10.95,11.0,10.85
2024-12-19,10.9,10.9,-0.15(-1.36 %),2742500,29916000000,215000,2483250000,10.95,11.0,10.85
2024-12-18,11.05,11.05,0.05(0.45 %),1885100,20751000000,0,0,11.0,11.1,10.95
2024-12-17,11.0,11.0,-0.1(-0.90 %),2077100,22908000000,0,0,11.1,11.15,10.95
2024-12-16,11.1,11.1,0(0.00 %),1631700,18092000000,0,0,11.1,11.2,11.0
2024-12-13,11.1,11.1,-0.2(-1.77 %),2482400,27745000000,0,0,11.3,11.3,11.1
2024-12-12,11.3,11.3,0(0.00 %),1417400,16070000000,0,0,11.4,11.4,11.3
2024-12-11,11.3,11.3,-0.05(-0.44 %),2111000,23977000000,0,0,11.35,11.5,11.25
2024-12-10,11.35,11.35,0(0.00 %),2062300,23498000000,0,0,11.35,11.45,11.35
2024-12-09,11.35,11.35,0.05(0.44 %),2494300,28365000000,0,0,11.35,11.45,11.3
2024-12-06,11.3,11.3,-0.05(-0.44 %),3140100,35672000000,0,0,11.45,11.5,11.25
2024-12-05,11.35,11.35,0.25(2.25 %),3846000,43065000000,0,0,11.1,11.35,10.95
2024-12-04,11.1,11.1,-0.25(-2.20 %),2611400,29286000000,0,0,11.4,11.45,11.1
2024-12-03,11.35,11.35,0(0.00 %),1896400,21543000000,0,0,11.4,11.4,11.3
2024-12-02,11.35,11.35,0.4(3.65 %),7101000,81066000000,0,0,11.0,11.55,11.0
2024-11-29,10.95,10.95,0(0.00 %),1282700,14077000000,0,0,11.05,11.05,10.9
2024-11-28,10.95,10.95,0(0.00 %),1364500,14993000000,0,0,11.0,11.1,10.9
2024-11-27,10.95,10.95,-0.1(-0.90 %),1725900,18970000000,0,0,11.0,11.1,10.9
2024-11-26,11.05,11.05,0.05(0.45 %),1924000,21264000000,0,0,11.0,11.15,11.0
2024-11-25,11.0,11.0,0(0.00 %),1485500,16317000000,0,0,11.05,11.1,10.9
2024-11-22,11.0,11.0,0.1(0.92 %),4318400,47677000000,0,0,10.85,11.2,10.85
2024-11-21,10.9,10.9,0.1(0.93 %),1210900,13160000000,0,0,10.8,10.95,10.8
2024-11-20,10.8,10.8,0.2(1.89 %),3490300,37741000000,0,0,10.65,11.0,10.55
2024-11-19,10.6,10.6,-0.15(-1.40 %),1993400,21401000000,120460,1288922000,10.75,10.9,10.55
2024-11-18,10.75,10.75,0.05(0.47 %),2361900,25257000000,0,0,10.7,10.8,10.6
2024-11-15,10.7,10.7,-0.3(-2.73 %),3199600,34633000000,0,0,11.0,11.0,10.7
2024-11-14,11.0,11.0,-0.3(-2.65 %),2918100,32459000000,0,0,11.35,11.35,10.95
2024-11-13,11.3,11.3,-0.1(-0.88 %),2203200,24824000000,0,0,11.45,11.45,11.15
2024-11-12,11.4,11.4,0.05(0.44 %),2571500,29450000000,0,0,11.4,11.55,11.35
2024-11-11,11.35,11.35,0.05(0.44 %),3325100,37473000000,0,0,11.25,11.4,11.15
2024-11-08,11.3,11.3,-0.1(-0.88 %),1816800,20596000000,0,0,11.4,11.45,11.3
2024-11-07,11.4,11.4,-0.05(-0.44 %),1989600,22681000000,0,0,11.5,11.55,11.35
2024-11-06,11.45,11.45,0.25(2.23 %),1942500,21966000000,0,0,11.25,11.45,11.2
2024-11-05,11.2,11.2,0.05(0.45 %),1583800,17736000000,0,0,11.2,11.3,11.15
2024-11-04,11.15,11.15,-0.5(-4.29 %),6919000,77798000000,0,0,11.65,11.65,11.1
2024-11-01,11.65,11.65,-0.05(-0.43 %),2432800,28353000000,0,0,11.7,11.75,11.6
2024-10-31,11.7,11.7,-0.1(-0.85 %),1737300,20444000000,0,0,11.85,11.85,11.7
2024-10-30,11.8,11.8,0.15(1.29 %),3017000,35595000000,65000,757250000,11.65,11.95,11.65
2024-10-29,11.65,11.65,0(0.00 %),1654300,19354000000,0,0,11.7,11.8,11.65
2024-10-28,11.65,11.65,0.05(0.43 %),1469400,17120000000,0,0,11.65,11.7,11.6
2024-10-25,11.6,11.6,-0.05(-0.43 %),2317800,26941000000,0,0,11.7,11.7,11.6
2024-10-24,11.65,11.65,-0.15(-1.27 %),2262000,26546000000,0,0,11.85,11.9,11.65
2024-10-23,11.8,11.8,0.1(0.85 %),2871900,33723000000,115000,1345500000,11.6,11.95,11.6
2024-10-22,11.7,11.7,-0.1(-0.85 %),3434600,40442000000,3200000,38400000000,11.8,11.9,11.65
2024-10-21,11.8,11.8,-0.1(-0.84 %),2660300,31650000000,0,0,11.9,12.05,11.8
2024-10-18,11.9,11.9,-0.1(-0.83 %),3276100,39181000000,0,0,12.0,12.1,11.9
2024-10-17,12.0,12.0,0.05(0.42 %),4272900,50767000000,0,0,11.95,12.0,11.75
2024-10-16,11.95,11.95,-0.1(-0.83 %),3029400,36335000000,0,0,12.15,12.15,11.9
2024-10-15,12.05,12.05,-0.2(-1.63 %),4614000,55996000000,0,0,12.2,12.35,12.0
2024-10-14,12.25,12.25,0.25(2.08 %),7510600,91885000000,0,0,12.15,12.4,12.05
2024-10-11,12.0,12.0,0.05(0.42 %),3773900,45450000000,0,0,11.95,12.15,11.9
2024-10-10,11.95,11.95,-0.1(-0.83 %),2871700,34636000000,0,0,12.1,12.2,11.95
2024-10-09,12.05,12.05,0.15(1.26 %),4189000,50651000000,0,0,12.0,12.2,11.95
2024-10-08,11.9,11.9,0.1(0.85 %),2829300,33659000000,0,0,11.85,12.0,11.8
2024-10-07,11.8,11.8,-0.1(-0.84 %),3789000,45016000000,0,0,11.95,12.0,11.8
2024-10-04,11.9,11.9,-0.05(-0.42 %),3597700,42983000000,0,0,11.95,12.05,11.9
2024-10-03,11.95,11.95,-0.25(-2.05 %),9773400,118207000000,0,0,12.3,12.4,11.9
2024-10-02,12.2,12.2,-0.3(-2.40 %),5091000,62567000000,0,0,12.45,12.45,12.2
2024-10-01,12.5,12.5,0.35(2.88 %),12027300,149884000000,0,0,12.2,12.75,12.2
2024-09-30,12.15,12.15,0.05(0.41 %),5831300,70895000000,0,0,12.1,12.3,12.05
2024-09-27,12.1,12.1,0(0.00 %),5037300,61274000000,0,0,12.15,12.3,12.05
2024-09-26,12.1,12.1,-0.15(-1.22 %),7788900,95688000000,0,0,12.3,12.5,12.1
2024-09-25,12.25,12.25,0.1(0.82 %),7088500,87205000000,0,0,12.15,12.4,12.15
2024-09-24,12.15,12.15,0.05(0.41 %),2811200,34119000000,0,0,12.15,12.25,12.05
2024-09-23,12.1,12.1,0.05(0.41 %),6372700,77935000000,0,0,12.0,12.4,12.0
2024-09-20,12.05,12.05,-0.1(-0.82 %),3659500,44324000000,20000,239000000,12.25,12.25,12.05
2024-09-19,12.15,12.15,0.25(2.10 %),5866100,70756000000,0,0,11.9,12.3,11.85
2024-09-18,11.9,11.9,-0.1(-0.83 %),3028200,36146000000,20000,240000000,12.0,12.05,11.85
2024-09-17,12.0,12.0,0.4(3.45 %),4494000,53029000000,23100,249480000,11.6,12.0,11.55
2024-09-16,11.6,11.6,-0.25(-2.11 %),3275700,38370000000,0,0,11.8,11.95,11.6
2024-09-13,11.85,11.85,0.1(0.85 %),3052400,35983000000,0,0,11.75,11.9,11.7
2024-09-12,11.75,11.75,0(0.00 %),2488400,29398000000,0,0,11.9,11.9,11.75
2024-09-11,11.75,11.75,-0.05(-0.42 %),4938800,58006000000,0,0,11.65,11.9,11.6
2024-09-10,11.8,11.8,-0.3(-2.48 %),5405500,64463000000,0,0,12.2,12.2,11.8
2024-09-09,12.1,12.1,-0.2(-1.63 %),4622500,56356000000,63196,777310800,12.2,12.4,12.05
2024-09-06,12.3,12.3,0.15(1.23 %),6407800,78767000000,0,0,12.05,12.5,12.05
2024-09-05,12.15,12.15,-0.3(-2.41 %),5074500,62325000000,0,0,12.5,12.5,12.1
2024-09-04,12.45,12.45,0.7(5.96 %),12305400,150096000000,0,0,11.65,12.5,11.6
2024-08-30,11.75,11.75,0.05(0.43 %),2765500,32634000000,0,0,11.7,11.9,11.7
2024-08-29,11.7,11.7,-0.05(-0.43 %),2453200,28907000000,0,0,11.75,11.9,11.7
2024-08-28,11.75,11.75,-0.1(-0.84 %),3746500,43853000000,0,0,11.9,11.9,11.6
2024-08-27,11.85,11.85,-0.1(-0.84 %),3549900,41966000000,0,0,11.9,11.95,11.75
2024-08-26,11.95,11.95,-0.05(-0.42 %),3461200,41831000000,0,0,12.2,12.25,11.95
2024-08-23,12.0,12.0,0.05(0.42 %),5027900,59832000000,0,0,11.85,12.05,11.75
2024-08-22,11.95,11.95,-0.2(-1.65 %),3407600,40812000000,0,0,12.2,12.2,11.9
2024-08-21,12.15,12.15,0.1(0.83 %),5561200,67757000000,0,0,12.0,12.4,12.0
2024-08-20,12.05,12.05,0.35(2.99 %),6432100,76963000000,0,0,11.75,12.2,11.65
2024-08-19,11.7,11.7,-0.15(-1.27 %),5246500,62375000000,0,0,11.95,12.1,11.7
2024-08-16,11.85,11.85,0.3(2.60 %),6840300,80708000000,0,0,11.65,11.9,11.6
2024-08-15,11.55,11.55,0.4(3.59 %),7258500,83773000000,215000,2236000000,11.15,11.75,11.15
2024-08-14,11.15,11.15,-0.15(-1.33 %),2732300,30583000000,0,0,11.4,11.4,11.1
2024-08-13,11.3,11.3,-0.05(-0.44 %),4370200,49001000000,0,0,11.4,11.4,11.1
2024-08-12,11.35,11.35,0.45(4.13 %),5958900,67260000000,0,0,10.9,11.5,10.85
2024-08-09,10.9,10.9,0.15(1.40 %),3074400,33267000000,0,0,11.05,11.05,10.7
2024-08-08,10.75,10.75,0.7(6.97 %),9456100,100322000000,0,0,10.1,10.75,10.05
2024-08-07,10.05,10.05,-0.05(-0.50 %),2514400,25380000000,0,0,10.35,10.35,10.0
2024-08-06,10.1,10.1,0.1(1.00 %),2863600,28787000000,0,0,10.05,10.25,9.81
2024-08-05,10.0,10.0,-0.75(-6.98 %),6716800,68436000000,0,0,10.5,10.65,10.0
2024-08-02,10.75,10.75,-0.1(-0.92 %),4306200,45723000000,0,0,10.75,10.8,10.4
2024-08-01,10.85,10.85,-0.4(-3.56 %),3154300,34735000000,0,0,11.3,11.35,10.7
2024-07-31,11.25,11.25,0.1(0.90 %),1857900,20944000000,0,0,11.25,11.35,11.2
2024-07-30,11.15,11.15,-0.15(-1.33 %),1589200,17823000000,0,0,11.3,11.35,11.15
2024-07-29,11.3,11.3,-0.05(-0.44 %),1103200,12540000000,0,0,11.4,11.5,11.3
2024-07-26,11.35,11.35,0.15(1.34 %),1374900,15552000000,0,0,11.3,11.4,11.25
2024-07-25,11.2,11.2,-0.15(-1.32 %),1207400,13552000000,0,0,11.25,11.3,11.15
2024-07-24,11.35,11.35,0.05(0.44 %),2688200,30102000000,0,0,11.2,11.4,11.0
2024-07-23,11.3,11.3,-0.25(-2.16 %),1884900,21473000000,0,0,11.6,11.65,11.25
2024-07-22,11.55,11.55,-0.15(-1.28 %),2953200,33845000000,0,0,11.7,11.7,11.3
2024-07-19,11.7,11.7,-0.01(-0.09 %),2206600,26012000000,0,0,11.9,11.95,11.65
2024-07-18,11.71,12.3,0(0.00 %),2395400,29302000000,0,0,12.35,12.35,12.1
2024-07-17,11.71,12.3,-0.15(-1.20 %),3000400,37055000000,0,0,12.5,12.55,12.0
2024-07-16,11.86,12.45,0(0.00 %),2346700,29390000000,0,0,12.55,12.6,12.45
2024-07-15,11.86,12.45,-0.1(-0.80 %),1476900,18526000000,0,0,12.65,12.65,12.45
2024-07-12,11.95,12.55,-0.1(-0.79 %),2285400,28718000000,0,0,12.7,12.7,12.5
2024-07-11,12.05,12.65,-0.05(-0.39 %),2789900,35480000000,0,0,12.8,12.85,12.65
2024-07-10,12.1,12.7,0(0.00 %),2730600,34836000000,0,0,12.8,12.85,12.65
2024-07-09,12.1,12.7,0.1(0.79 %),3227800,40764000000,450000,5850000000,12.65,12.7,12.55
2024-07-08,12.0,12.6,0.1(0.80 %),2431600,30631000000,0,0,12.55,12.7,12.5
2024-07-05,11.9,12.5,-0.05(-0.40 %),2140000,26821000000,0,0,12.55,12.7,12.45
2024-07-04,11.95,12.55,-0.05(-0.40 %),1710600,21532000000,0,0,12.6,12.7,12.5
2024-07-03,12.0,12.6,0.25(2.02 %),2234700,27904000000,0,0,12.45,12.7,12.35
2024-07-02,11.76,12.35,0.05(0.41 %),1364800,16923000000,0,0,12.3,12.5,12.3
2024-07-01,11.71,12.3,0.1(0.82 %),1417100,17320000000,0,0,12.3,12.35,12.1
2024-06-28,11.62,12.2,-0.35(-2.79 %),3447600,42619000000,500000,6250000000,12.6,12.6,12.2
2024-06-27,11.95,12.55,0.05(0.40 %),1718800,21517000000,0,0,12.45,12.6,12.45
2024-06-26,11.9,12.5,-0.15(-1.19 %),2646900,33265000000,0,0,12.6,12.75,12.5
2024-06-25,12.05,12.65,0.1(0.80 %),2082800,26303000000,0,0,12.6,12.7,12.55
2024-06-24,11.95,12.55,-0.05(-0.40 %),4579100,57809000000,0,0,12.7,12.9,12.5
2024-06-21,12.0,12.6,-0.15(-1.18 %),3333600,42230000000,0,0,12.75,12.85,12.6
2024-06-20,12.14,12.75,-0.2(-1.54 %),3969900,50873000000,0,0,12.9,13.0,12.7
2024-06-19,12.33,12.95,-0.05(-0.38 %),3015200,39010000000,0,0,13.1,13.1,12.85
2024-06-18,12.38,13.0,0.05(0.39 %),2463100,32041000000,0,0,13.05,13.1,12.95
2024-06-17,12.33,12.95,-0.2(-1.52 %),4370900,56971000000,0,0,13.15,13.2,12.95
2024-06-14,12.52,13.15,-0.1(-0.75 %),5149800,68597000000,0,0,13.3,13.5,13.15
2024-06-13,12.62,13.25,-0.05(-0.38 %),3689500,49085000000,0,0,13.4,13.4,13.25
2024-06-12,12.67,13.3,0.1(0.76 %),3292700,43664000000,0,0,13.2,13.35,13.2
2024-06-11,12.57,13.2,-0.15(-1.12 %),4834300,64036000000,0,0,13.4,13.45,13.15
2024-06-10,12.71,13.35,-0.2(-1.48 %),6524100,87849000000,0,0,13.6,13.7,13.3
2024-06-07,12.9,13.55,-0.05(-0.37 %),4672700,63652000000,0,0,13.75,13.8,13.5
2024-06-06,12.95,13.6,0.25(1.87 %),13594800,186307000000,0,0,13.45,13.9,13.4
2024-06-05,12.71,13.35,0.15(1.14 %),8300900,110778000000,0,0,13.25,13.45,13.25
2024-06-04,12.57,13.2,-0.15(-1.12 %),4506400,60062000000,0,0,13.45,13.45,13.2
2024-06-03,12.71,13.35,0.15(1.14 %),5686000,75792000000,0,0,13.4,13.4,13.25
2024-05-31,12.57,13.2,0(0.00 %),2718800,35811000000,0,0,13.2,13.3,13.05
2024-05-30,12.57,13.2,0.1(0.76 %),7597300,100151000000,0,0,12.95,13.4,12.9
2024-05-29,12.48,13.1,0.05(0.38 %),5448100,71399000000,0,0,13.05,13.3,12.95
2024-05-28,12.43,13.05,0.15(1.16 %),3747000,48635000000,0,0,12.85,13.1,12.85
2024-05-27,12.29,12.9,-0.1(-0.77 %),2910000,37590000000,0,0,12.95,13.05,12.85
2024-05-24,12.38,13.0,-0.35(-2.62 %),9032600,118257000000,0,0,13.3,13.35,12.75
2024-05-23,12.71,13.35,0.1(0.75 %),5495400,73246000000,0,0,13.25,13.5,13.2
2024-05-22,12.62,13.25,0(0.00 %),5535600,73695000000,0,0,13.4,13.5,13.15
2024-05-21,12.62,13.25,-0.15(-1.12 %),5784500,76516000000,0,0,13.4,13.4,13.1
2024-05-20,12.76,13.4,0.25(1.90 %),7293200,97655000000,0,0,13.25,13.5,13.2
2024-05-17,12.52,13.15,0.05(0.38 %),4383300,57605000000,0,0,13.15,13.25,13.05
2024-05-16,12.48,13.1,0.2(1.55 %),8562100,112831000000,0,0,13.0,13.4,13.0
2024-05-15,12.29,12.9,0.2(1.57 %),4834600,61897000000,0,0,12.75,12.95,12.65
2024-05-14,12.1,12.7,-0.05(-0.39 %),5061100,64688000000,0,0,12.8,12.9,12.7
2024-05-13,12.14,12.75,-0.05(-0.39 %),3379100,43054000000,0,0,12.85,12.9,12.65
2024-05-10,12.19,12.8,-0.05(-0.39 %),4565100,58192000000,0,0,12.9,13.0,12.65
2024-05-09,12.24,12.85,0(0.00 %),5924100,76714000000,100000,1318000000,12.95,13.15,12.8
2024-05-08,12.24,12.85,-0.25(-1.91 %),7681500,98922000000,0,0,13.0,13.0,12.8
2024-05-07,12.48,13.1,-0.1(-0.76 %),3434600,45076000000,0,0,13.3,13.3,13.05
2024-05-06,12.57,13.2,0.4(3.12 %),8167100,106139000000,0,0,12.85,13.2,12.75
2024-05-03,12.19,12.8,-0.1(-0.78 %),3912300,50441000000,0,0,13.0,13.1,12.8
2024-05-02,12.29,12.9,0.25(1.98 %),5260400,68062000000,0,0,12.85,13.1,12.8
2024-04-26,12.05,12.65,0(0.00 %),3034300,38228000000,0,0,12.5,12.7,12.5
2024-04-25,12.05,12.65,-0.1(-0.78 %),3626500,46261000000,600000,7350000000,12.8,12.95,12.6
2024-04-24,12.14,12.75,0.5(4.08 %),5373700,67634000000,0,0,12.4,12.8,12.35
2024-04-23,11.67,12.25,-0.45(-3.54 %),5873300,72912000000,0,0,12.75,12.8,12.15
2024-04-22,12.1,12.7,0.2(1.60 %),6018600,76040000000,0,0,12.75,12.8,12.5
2024-04-19,11.9,12.5,-0.65(-4.94 %),9669800,122631000000,0,0,13.0,13.0,12.35
2024-04-17,12.52,13.15,-0.3(-2.23 %),6370300,85134000000,200000,2700000000,13.55,13.7,13.15
2024-04-16,12.81,13.45,-0.6(-4.27 %),12083800,163433000000,0,0,13.85,14.0,13.2
2024-04-15,13.38,14.05,-1.05(-6.95 %),12538500,183204000000,29000,407450000,15.1,15.15,14.05
2024-04-12,14.38,15.1,0.1(0.67 %),4949700,74717000000,0,0,15.1,15.2,15.05
2024-04-11,14.29,15.0,-0.05(-0.33 %),7163000,107435000000,0,0,14.95,15.1,14.9
2024-04-10,14.33,15.05,-0.15(-0.99 %),4939800,74844000000,0,0,15.25,15.3,15.05
2024-04-09,14.48,15.2,0.15(1.00 %),4473900,67549000000,0,0,15.1,15.2,15.0
2024-04-08,14.33,15.05,-0.1(-0.66 %),7840900,118724000000,0,0,15.2,15.25,15.05
2024-04-05,14.43,15.15,-0.3(-1.94 %),9184000,140561000000,0,0,15.4,15.4,15.15
2024-04-04,14.71,15.45,-0.25(-1.59 %),7076100,110122000000,0,0,15.65,15.8,15.45
2024-04-03,14.95,15.7,0.15(0.96 %),24821000,395551000000,0,0,15.6,16.2,15.6
2024-04-02,14.81,15.55,0.1(0.65 %),7134400,109825000000,0,0,15.45,15.55,15.3
2024-04-01,14.71,15.45,0.05(0.32 %),8406800,130505000000,0,0,15.45,15.75,15.35
2024-03-29,14.67,15.4,-0.15(-0.96 %),5851900,90413000000,0,0,15.55,15.6,15.35
2024-03-28,14.81,15.55,-0.15(-0.96 %),5748800,89692000000,0,0,15.8,15.8,15.5
2024-03-27,14.95,15.7,0.15(0.96 %),9734800,153184000000,0,0,15.65,15.9,15.6
2024-03-26,14.81,15.55,0(0.00 %),7322400,113644000000,0,0,15.6,15.6,15.4
2024-03-25,14.81,15.55,0.05(0.32 %),17469400,274618000000,0,0,15.7,15.9,15.5
2024-03-22,14.76,15.5,0(0.00 %),14815500,231095000000,0,0,15.65,15.8,15.45
2024-03-21,14.76,15.5,0.35(2.31 %),16971300,260176000000,0,0,15.2,15.5,15.1
2024-03-20,14.43,15.15,0.1(0.66 %),5989500,90125000000,0,0,15.05,15.15,14.95
2024-03-19,14.33,15.05,0(0.00 %),12209900,184685000000,0,0,15.0,15.3,14.95
2024-03-18,14.33,15.05,-0.15(-0.99 %),9915600,149442000000,0,0,15.25,15.4,14.7
2024-03-15,14.48,15.2,0(0.00 %),5858500,89698000000,0,0,15.2,15.45,15.15
2024-03-14,14.48,15.2,-0.1(-0.65 %),5153200,78833000000,0,0,15.3,15.4,15.2
2024-03-13,14.57,15.3,0.2(1.32 %),4818500,73360000000,0,0,15.3,15.3,15.15
2024-03-12,14.38,15.1,-0.05(-0.33 %),3442900,52062000000,0,0,15.15,15.2,15.05
2024-03-11,14.43,15.15,-0.05(-0.33 %),4271700,65050000000,0,0,15.2,15.45,15.1
2024-03-08,14.48,15.2,-0.25(-1.62 %),8250300,126062000000,0,0,15.6,15.6,15.15
2024-03-07,14.71,15.45,0(0.00 %),5546300,85394000000,0,0,15.35,15.5,15.35
2024-03-06,14.71,15.45,-0.25(-1.59 %),4253700,66158000000,0,0,15.7,15.7,15.4
2024-03-05,14.95,15.7,0.05(0.32 %),8421000,132870000000,0,0,15.75,15.95,15.65
2024-03-04,14.91,15.65,-0.05(-0.32 %),6688700,105111000000,0,0,15.8,15.85,15.6
2024-03-01,14.95,15.7,0.35(2.28 %),10184000,158690000000,0,0,15.4,15.75,15.3
2024-02-29,14.62,15.35,-0.15(-0.97 %),5302300,81675000000,0,0,15.55,15.6,15.3
2024-02-28,14.76,15.5,-0.1(-0.64 %),4456200,69238000000,666660,10049900000,15.65,15.65,15.4
2024-02-27,14.86,15.6,0.2(1.30 %),5624300,87320000000,0,0,15.45,15.6,15.4
2024-02-26,14.67,15.4,0.2(1.32 %),6232300,94865000000,250000,3800000000,15.2,15.4,15.05
2024-02-23,14.48,15.2,-0.4(-2.56 %),10103700,156293000000,0,0,15.6,15.7,15.2
2024-02-22,14.86,15.6,0(0.00 %),5291600,82979000000,0,0,15.6,15.85,15.55
2024-02-21,14.86,15.6,-0.15(-0.95 %),6223900,97378000000,0,0,15.8,15.8,15.6
2024-02-20,15.0,15.75,-0.1(-0.63 %),7282500,115195000000,0,0,15.9,15.95,15.7
2024-02-19,15.1,15.85,-0.05(-0.31 %),6502100,102867000000,0,0,15.95,16.0,15.7
2024-02-16,15.14,15.9,-0.1(-0.62 %),5051200,80479000000,0,0,16.15,16.15,15.85
2024-02-15,15.24,16.0,0.45(2.89 %),14392100,228809000000,0,0,15.65,16.15,15.65
2024-02-07,14.81,15.55,0.05(0.32 %),5222000,80998000000,0,0,15.5,15.6,15.4
2024-02-06,14.76,15.5,0(0.00 %),3417800,52938000000,0,0,15.55,15.55,15.4
2024-02-05,14.76,15.5,0.1(0.65 %),4376200,67642000000,0,0,15.5,15.6,15.35
2024-02-02,14.67,15.4,0(0.00 %),4875200,75625000000,0,0,15.5,15.75,15.4
2024-02-01,14.67,15.4,0(0.00 %),4418200,68063000000,0,0,15.4,15.5,15.35
2024-01-31,14.67,15.4,-0.25(-1.60 %),5193600,80928000000,0,0,15.65,15.85,15.4
2024-01-30,14.91,15.65,0.25(1.62 %),3667700,56772000000,0,0,15.45,15.65,15.35
2024-01-29,14.67,15.4,-0.1(-0.65 %),2987900,46232000000,0,0,15.5,15.6,15.4
2024-01-26,14.76,15.5,0(0.00 %),2281400,35393000000,0,0,15.6,15.65,15.45
2024-01-25,14.76,15.5,-0.05(-0.32 %),2378700,36939000000,0,0,15.55,15.6,15.45
2024-01-24,14.81,15.55,-0.15(-0.96 %),2352400,36768000000,0,0,15.7,15.75,15.55
2024-01-23,14.95,15.7,0.2(1.29 %),6308600,99379000000,0,0,15.6,15.95,15.6
2024-01-22,14.76,15.5,0(0.00 %),4025100,62223000000,0,0,15.6,15.6,15.35
2024-01-19,14.76,15.5,-0.1(-0.64 %),3718300,58077000000,0,0,15.65,15.8,15.5
2024-01-18,14.86,15.6,0.2(1.30 %),4167400,64654000000,0,0,15.55,15.65,15.4
2024-01-17,14.67,15.4,-0.1(-0.65 %),4060000,63132000000,0,0,15.55,15.7,15.4
2024-01-16,14.76,15.5,0.2(1.31 %),3769900,57765000000,0,0,15.2,15.5,15.15
2024-01-15,14.57,15.3,-0.1(-0.65 %),3500900,53895000000,0,0,15.45,15.55,15.3
2024-01-12,14.67,15.4,-0.3(-1.91 %),9213200,142150000000,0,0,15.5,15.6,15.25
2024-01-11,14.95,15.7,0.1(0.64 %),5868200,91941000000,0,0,15.65,15.8,15.55
2024-01-10,14.86,15.6,-0.3(-1.89 %),8730900,137602000000,0,0,16.0,16.0,15.6
2024-01-09,15.14,15.9,-0.2(-1.24 %),10455000,167027000000,100000,1620000000,16.15,16.15,15.8
2024-01-08,15.33,16.1,0(0.00 %),8169500,132557000000,0,0,16.25,16.4,16.1
2024-01-05,15.33,16.1,0.15(0.94 %),8849500,142084000000,0,0,16.05,16.2,15.95
2024-01-04,15.19,15.95,-0.25(-1.54 %),10793800,173357000000,0,0,16.3,16.3,15.85
2024-01-03,15.43,16.2,0.6(3.85 %),18826000,302493000000,0,0,15.6,16.3,15.55
2024-01-02,14.86,15.6,0.15(0.97 %),9416500,146968000000,0,0,15.7,15.8,15.4
2023-12-29,14.71,15.45,0.05(0.32 %),4724300,73195000000,0,0,15.4,15.6,15.4
2023-12-28,14.67,15.4,-0.05(-0.32 %),4507600,69649000000,0,0,15.5,15.6,15.4
2023-12-27,14.71,15.45,-0.1(-0.64 %),5739400,89126000000,0,0,15.7,15.7,15.45
2023-12-26,14.81,15.55,0.35(2.30 %),12843000,200049000000,0,0,15.25,15.8,15.25
2023-12-25,14.48,15.2,0.1(0.66 %),6101600,92776000000,0,0,15.2,15.3,15.1
2023-12-22,14.38,15.1,-0.25(-1.63 %),5200900,79401000000,0,0,15.4,15.45,15.1
2023-12-21,14.62,15.35,0.1(0.66 %),3861700,58987000000,0,0,15.1,15.4,15.05
2023-12-20,14.52,15.25,0(0.00 %),3117800,47646000000,0,0,15.25,15.4,15.2
2023-12-19,14.52,15.25,0.2(1.33 %),3435200,51811000000,0,0,15.0,15.25,14.9
2023-12-18,14.33,15.05,-0.05(-0.33 %),3637200,54824000000,0,0,15.2,15.25,14.9
2023-12-15,14.38,15.1,0.05(0.33 %),4990300,75455000000,0,0,15.1,15.4,14.95
2023-12-14,14.33,15.05,-0.25(-1.63 %),5059300,77174000000,0,0,15.6,15.6,15.05
2023-12-13,14.57,15.3,-0.15(-0.97 %),8073100,125183000000,0,0,15.55,15.8,15.1
2023-12-12,14.71,15.45,-0.1(-0.64 %),3936400,61008000000,0,0,15.6,15.7,15.4
2023-12-11,14.81,15.55,-0.1(-0.64 %),4461900,69104000000,0,0,15.7,15.7,15.35
2023-12-08,14.91,15.65,-0.05(-0.32 %),5689600,89059000000,0,0,15.75,15.85,15.5
2023-12-07,14.95,15.7,-0.1(-0.63 %),11377900,177113000000,0,0,15.8,15.85,15.3
2023-12-06,15.05,15.8,0.5(3.27 %),10066200,158770000000,0,0,15.55,16.0,15.5
2023-12-05,14.57,15.3,-0.2(-1.29 %),6416500,98981000000,170000,2635000000,15.6,15.6,15.3
2023-12-04,14.76,15.5,0.85(5.80 %),11288900,172303000000,0,0,14.9,15.6,14.9
2023-12-01,13.95,14.65,0.5(3.53 %),5877200,84486000000,0,0,14.2,14.65,14.2
2023-11-30,13.48,14.15,-0.25(-1.74 %),4360500,62565000000,0,0,14.4,14.55,14.15
2023-11-29,13.71,14.4,0.1(0.70 %),4474000,63898000000,1800000,25200000000,14.35,14.5,14.15
2023-11-28,13.62,14.3,-0.35(-2.39 %),6094000,86242000000,0,0,14.15,14.4,13.9
2023-11-27,13.07,14.65,-0.3(-2.01 %),8993400,134593000000,1970000,31421500000,15.15,15.25,14.65
2023-11-24,13.33,14.95,0.35(2.40 %),9040500,132113000000,0,0,14.7,14.95,14.1
2023-11-23,13.02,14.6,-1(-6.41 %),10888900,168255000000,0,0,15.8,15.85,14.6
2023-11-22,13.91,15.6,0.15(0.97 %),8949700,140641000000,0,0,15.55,15.9,15.5
2023-11-21,13.78,15.45,0.25(1.64 %),4289700,66227000000,0,0,15.4,15.65,15.3
2023-11-20,13.56,15.2,-0.05(-0.33 %),6472000,97835000000,205000,3146750000,14.95,15.4,14.9
2023-11-17,13.6,15.25,-0.35(-2.24 %),10325100,160752000000,0,0,15.75,15.95,15.2
2023-11-16,13.91,15.6,0.25(1.63 %),3683100,56764000000,205000,3146750000,15.35,15.6,15.25
2023-11-15,13.69,15.35,-0.1(-0.65 %),9813100,153044000000,0,0,15.85,15.9,15.35
2023-11-14,13.78,15.45,0.05(0.32 %),5275600,81998000000,0,0,15.6,15.8,15.35
2023-11-13,13.74,15.4,0.2(1.32 %),7832600,120399000000,0,0,15.3,15.55,15.15
2023-11-10,13.56,15.2,-0.1(-0.65 %),7853500,119751000000,0,0,15.05,15.55,15.05
2023-11-09,13.65,15.3,-0.05(-0.33 %),9048200,139562000000,0,0,15.4,15.7,15.2
2023-11-08,13.69,15.35,1(6.97 %),7992900,118738000000,0,0,14.4,15.35,14.3
2023-11-07,12.8,14.35,-0.15(-1.03 %),5607300,81220000000,0,0,14.45,14.8,14.15
2023-11-06,12.93,14.5,0(0.00 %),4312900,62375000000,0,0,14.7,14.8,14.3
2023-11-03,12.93,14.5,0.1(0.69 %),6644700,96230000000,0,0,14.6,14.75,14.3
2023-11-02,12.84,14.4,0.9(6.67 %),7014400,99108000000,0,0,13.8,14.4,13.65
2023-11-01,12.04,13.5,0.8(6.30 %),5774500,74445000000,0,0,12.8,13.5,12.5
2023-10-31,11.33,12.7,-0.35(-2.68 %),6780600,88699000000,2027090,24629143500,13.25,13.45,12.5
2023-10-30,11.64,13.05,-0.95(-6.79 %),3789200,51506000000,0,0,14.0,14.1,13.05
2023-10-27,12.49,14.0,0.05(0.36 %),4172200,57809000000,0,0,14.15,14.25,13.35
2023-10-26,12.44,13.95,-1.05(-7.00 %),11424200,160843000000,0,0,14.6,14.7,13.95
2023-10-25,13.38,15.0,-0.3(-1.96 %),4041000,61770000000,0,0,15.35,15.45,15.0
2023-10-24,13.65,15.3,0.55(3.73 %),6484500,97210000000,0,0,14.7,15.35,14.5
2023-10-23,13.16,14.75,-0.25(-1.67 %),4689900,68966000000,2027090,32534794500,15.0,15.1,14.45
2023-10-20,13.38,15.0,0.5(3.45 %),6786000,98139000000,0,0,14.6,15.0,14.05
2023-10-19,12.93,14.5,-0.5(-3.33 %),8332400,122169000000,0,0,15.0,15.1,14.3
2023-10-18,13.38,15.0,-0.7(-4.46 %),14235300,218170000000,0,0,15.75,15.95,14.65
2023-10-17,14.0,15.7,-1.1(-6.55 %),12535800,206363000000,0,0,17.0,17.0,15.7
2023-10-16,14.98,16.8,-0.65(-3.72 %),9372400,160575000000,0,0,17.5,17.5,16.8
2023-10-13,15.56,17.45,-0.1(-0.57 %),8156200,140755000000,0,0,17.3,17.5,17.05
2023-10-12,15.65,17.55,0.1(0.57 %),11249300,196740000000,0,0,17.6,17.7,17.2
2023-10-11,15.56,17.45,0.65(3.87 %),10679400,182485000000,0,0,16.8,17.5,16.75
2023-10-10,14.98,16.8,-0.35(-2.04 %),11175700,191522000000,0,0,17.3,17.4,16.8
2023-10-09,15.3,17.15,0.35(2.08 %),10155500,173145000000,0,0,16.9,17.2,16.75
2023-10-06,14.98,16.8,0.3(1.82 %),11983400,197228000000,0,0,16.6,16.8,15.95
2023-10-05,14.72,16.5,-0.05(-0.30 %),10947700,183269000000,0,0,16.7,17.15,16.5
2023-10-04,14.76,16.55,0.35(2.16 %),7657800,126214000000,0,0,15.8,16.85,15.8
2023-10-03,14.45,16.2,-0.3(-1.82 %),15064500,246756000000,0,0,16.2,16.8,15.9
2023-10-02,14.72,16.5,0.75(4.76 %),6760000,110736000000,200000,2940000000,15.95,16.7,15.8
2023-09-29,14.05,15.75,-0.15(-0.94 %),5767500,91891000000,0,0,16.2,16.2,15.7
2023-09-28,14.18,15.9,0(0.00 %),7092800,112067000000,0,0,15.8,16.05,15.6
2023-09-27,14.18,15.9,0.8(5.30 %),6673100,102264000000,0,0,15.3,15.9,14.9
2023-09-26,13.47,15.1,-0.4(-2.58 %),10907000,168886000000,0,0,15.5,16.0,15.1
2023-09-25,13.82,15.5,-1.15(-6.91 %),12355000,199926000000,0,0,16.6,17.15,15.5
2023-09-22,14.85,16.65,-1(-5.67 %),16749200,281629000000,0,0,17.1,17.25,16.45
2023-09-21,15.74,17.65,-0.35(-1.94 %),12880900,233451000000,0,0,18.1,18.55,17.6
2023-09-20,16.05,18.0,0.3(1.69 %),8019000,142212000000,0,0,17.85,18.0,17.4
2023-09-19,15.79,17.7,-0.2(-1.12 %),16376500,290957000000,0,0,18.0,18.4,17.35
2023-09-18,15.97,17.9,0.2(1.13 %),12509500,220221000000,0,0,17.7,17.9,17.3
2023-09-15,15.79,17.7,0.05(0.28 %),16310700,285801000000,0,0,17.7,17.9,17.2
2023-09-14,15.74,17.65,0.35(2.02 %),17839200,314470000000,0,0,17.7,17.95,17.25
2023-09-13,15.43,17.3,1.1(6.79 %),36190900,613282000000,0,0,16.3,17.3,16.15
2023-09-12,14.45,16.2,0.6(3.85 %),9830100,156526000000,0,0,15.65,16.2,15.5
2023-09-11,13.91,15.6,-0.3(-1.89 %),9386100,148867000000,0,0,16.1,16.2,15.55
2023-09-08,14.18,15.9,0(0.00 %),5241300,83614000000,0,0,15.85,16.2,15.8
2023-09-07,14.18,15.9,0.3(1.92 %),12555800,200850000000,0,0,15.8,16.2,15.8
2023-09-06,13.91,15.6,0(0.00 %),5860100,90765000000,0,0,15.6,15.6,15.35
2023-09-05,13.91,15.6,0.35(2.30 %),4882400,76030000000,0,0,15.6,15.75,15.4
2023-08-31,13.6,15.25,0.3(2.01 %),6138200,93772000000,0,0,15.05,15.5,15.05
2023-08-30,13.33,14.95,0.1(0.67 %),3265900,48698000000,200000,2990000000,14.95,15.05,14.8
2023-08-29,13.25,14.85,0.05(0.34 %),4917000,73489000000,0,0,14.85,15.15,14.85
2023-08-28,13.2,14.8,0(0.00 %),3247100,47896000000,0,0,14.85,14.9,14.7
2023-08-25,13.2,14.8,0.1(0.68 %),3859000,57422000000,0,0,14.7,15.1,14.7
2023-08-24,13.11,14.7,0.3(2.08 %),4483500,65054000000,0,0,14.55,14.7,14.35
2023-08-23,12.84,14.4,0(0.00 %),2833800,41147000000,500000,6750000000,14.75,14.75,14.4
2023-08-22,12.84,14.4,0(0.00 %),6882900,97409000000,0,0,14.5,14.5,13.6
2023-08-21,12.8,14.35,-0.35(-2.38 %),6526100,94422000000,0,0,14.9,15.0,14.1
2023-08-18,13.11,14.7,-1.1(-6.96 %),14273400,216967000000,0,0,15.75,15.85,14.7
2023-08-17,14.09,15.8,-0.1(-0.63 %),9692200,154319000000,0,0,15.9,16.2,15.75
2023-08-16,14.18,15.9,-0.2(-1.24 %),6156300,98232000000,0,0,16.1,16.1,15.85
2023-08-15,14.32,16.05,-0.05(-0.31 %),5009100,81058000000,0,0,16.2,16.4,16.05
2023-08-14,14.36,16.1,0.4(2.55 %),6374600,102144000000,0,0,15.8,16.25,15.75
2023-08-11,14.0,15.7,-0.2(-1.26 %),7714300,121406000000,0,0,15.9,16.0,15.5
2023-08-10,14.18,15.9,-0.15(-0.93 %),6588000,105578000000,0,0,16.05,16.15,15.9
2023-08-09,14.32,16.05,-0.2(-1.23 %),7127800,114829000000,0,0,16.2,16.25,16.0
2023-08-08,14.49,16.25,-0.2(-1.22 %),5677500,92840000000,107100,1759080000,16.45,16.6,16.2
2023-08-07,14.67,16.45,0.1(0.61 %),10390500,171839000000,20000,318000000,16.5,16.85,16.3
2023-08-04,14.58,16.35,0.3(1.87 %),10217900,165683000000,0,0,16.05,16.5,16.0
2023-08-03,14.32,16.05,-0.05(-0.31 %),8057600,130358000000,0,0,16.2,16.45,15.95
2023-08-02,14.36,16.1,0(0.00 %),5698400,91283000000,0,0,16.05,16.15,15.9
2023-08-01,14.32,16.05,-0.05(-0.31 %),11266200,181740000000,0,0,16.2,16.4,15.9
2023-07-31,14.32,16.05,0.05(0.31 %),5172500,83332000000,0,0,16.3,16.4,16.0
2023-07-28,14.23,15.95,0.05(0.31 %),7325900,117334000000,0,0,16.0,16.2,15.85
2023-07-27,14.18,15.9,-0.2(-1.24 %),9460800,151025000000,0,0,16.05,16.25,15.75
2023-07-26,14.32,16.05,-0.1(-0.62 %),6742000,108581000000,0,0,16.2,16.25,16.0
2023-07-25,14.4,16.15,-0.25(-1.52 %),8282000,134015000000,0,0,16.3,16.35,16.05
2023-07-24,14.58,16.35,0.45(2.83 %),14304800,232746000000,0,0,15.9,16.6,15.9
2023-07-21,14.14,15.85,0.15(0.96 %),4981900,78565000000,0,0,15.65,15.85,15.65
2023-07-20,13.96,15.65,0.05(0.32 %),5148300,80166000000,0,0,15.55,15.7,15.45
2023-07-19,13.87,15.55,-0.25(-1.58 %),6060500,94896000000,0,0,15.8,15.85,15.55
2023-07-18,14.09,15.8,0(0.00 %),8586600,135179000000,0,0,15.75,15.95,15.55
2023-07-17,14.05,15.75,-0.15(-0.94 %),5936000,93952000000,0,0,15.9,16.0,15.7
2023-07-14,14.14,15.85,-0.05(-0.31 %),8880800,140761000000,0,0,15.85,16.0,15.7
2023-07-13,14.18,15.9,0(0.00 %),5859700,93242000000,0,0,16.05,16.1,15.8
2023-07-12,14.18,15.9,0.4(2.58 %),10566100,168503000000,0,0,15.8,16.3,15.7
2023-07-11,13.82,15.5,-0.1(-0.64 %),6982600,109225000000,0,0,15.85,15.95,15.4
2023-07-10,13.91,15.6,-0.1(-0.64 %),6701300,104860000000,0,0,15.75,15.85,15.55
2023-07-07,13.96,15.65,0.25(1.62 %),7848500,121833000000,0,0,15.35,15.75,15.25
2023-07-06,13.69,15.35,-0.05(-0.32 %),8055400,123379000000,0,0,15.35,15.45,15.15
2023-07-05,13.69,15.35,-0.15(-0.97 %),5972800,92835000000,0,0,15.7,15.8,15.35
2023-07-04,13.78,15.45,0.05(0.32 %),5861400,89951000000,0,0,15.5,15.5,15.2
2023-07-03,13.69,15.35,0.05(0.33 %),8143000,126682000000,0,0,15.35,15.9,15.3
2023-06-30,13.6,15.25,0.05(0.33 %),4474700,68129000000,0,0,15.15,15.3,15.1
2023-06-29,13.51,15.15,0.05(0.33 %),12478100,189896000000,0,0,15.05,15.65,14.9
2023-06-28,13.42,15.05,-0.25(-1.63 %),5968600,90568000000,0,0,15.3,15.4,15.05
2023-06-27,13.6,15.25,0.25(1.67 %),12676200,193336000000,0,0,15.05,15.5,14.9
2023-06-26,13.38,15.0,0.1(0.67 %),10982900,161574000000,0,0,14.9,15.05,14.3
2023-06-23,13.29,14.9,-0.1(-0.67 %),7953600,119354000000,0,0,14.95,15.25,14.85
2023-06-22,13.33,14.95,0(0.00 %),11721300,175227000000,0,0,15.1,15.1,14.8
2023-06-21,13.33,14.95,0.15(1.01 %),14725400,218778000000,0,0,14.85,15.1,14.7
2023-06-20,13.2,14.8,0.9(6.47 %),14712000,210561000000,0,0,14.1,14.8,13.85
2023-06-19,12.35,13.85,0.15(1.09 %),11372800,158720000000,0,0,13.8,14.1,13.7
2023-06-16,12.22,13.7,0.1(0.74 %),10550100,146078000000,0,0,13.85,14.0,13.7
2023-06-15,12.13,13.6,-0.05(-0.37 %),5088500,69273000000,0,0,13.6,13.7,13.55
2023-06-14,12.17,13.65,-0.15(-1.09 %),3906400,53806000000,0,0,13.9,13.95,13.65
2023-06-13,12.31,13.8,-0.05(-0.36 %),4127300,57278000000,0,0,14.05,14.05,13.75
2023-06-12,12.35,13.85,0.05(0.36 %),6466400,89768000000,0,0,13.8,14.2,13.65
2023-06-09,12.31,13.8,0.05(0.36 %),6366700,87240000000,1466000,18764800000,13.8,13.9,13.5
2023-06-08,12.26,13.75,-0.55(-3.85 %),10154600,142507000000,0,0,14.3,14.4,13.75
2023-06-07,12.75,14.3,-0.35(-2.39 %),10509200,149553000000,3534000,45058500000,14.2,14.5,14.0
2023-06-06,12.21,14.65,0.2(1.38 %),9724100,141174000000,0,0,14.45,14.7,14.3
2023-06-05,12.05,14.45,-0.25(-1.70 %),10249000,149697000000,0,0,14.8,14.85,14.4
2023-06-02,12.25,14.7,0.05(0.34 %),9287200,136784000000,0,0,14.7,14.9,14.5
2023-06-01,12.21,14.65,-0.05(-0.34 %),6600600,96234000000,0,0,14.8,14.8,14.45
2023-05-31,12.25,14.7,-0.2(-1.34 %),7665500,113111000000,2740000,38086000000,14.9,14.95,14.6
2023-05-30,12.42,14.9,0.45(3.11 %),11622700,169728000000,0,0,14.5,14.95,14.35
2023-05-29,12.05,14.45,0.05(0.35 %),8033300,116491000000,3540000,47436000000,14.65,14.65,14.35
2023-05-26,12.0,14.4,0.1(0.70 %),11330400,164324000000,0,0,14.5,14.75,14.35
2023-05-25,11.92,14.3,0.35(2.51 %),12677500,181352000000,0,0,13.9,14.55,13.8
2023-05-24,11.63,13.95,0.2(1.45 %),12824200,178916000000,3720000,47616000000,13.9,14.2,13.7
2023-05-23,11.46,13.75,-0.2(-1.43 %),8308600,114762000000,0,0,14.0,14.0,13.7
2023-05-22,11.63,13.95,0.7(5.28 %),16426000,227601000000,0,0,13.35,14.1,13.35
2023-05-19,11.05,13.25,0.15(1.15 %),4199800,55019000000,0,0,13.1,13.25,13.0
2023-05-18,10.92,13.1,0(0.00 %),3885300,51055000000,0,0,13.15,13.25,13.05
2023-05-17,10.92,13.1,-0.25(-1.87 %),6026600,79791000000,0,0,13.4,13.45,13.05
2023-05-16,11.13,13.35,0.05(0.38 %),7331300,98743000000,0,0,13.35,13.7,13.3
2023-05-15,11.09,13.3,-0.3(-2.21 %),6154100,83153000000,0,0,13.8,13.85,13.3
2023-05-12,11.34,13.6,0.2(1.49 %),11823300,160922000000,0,0,13.4,13.8,13.3
2023-05-11,11.17,13.4,0(0.00 %),5972600,80002000000,0,0,13.5,13.55,13.3
2023-05-10,11.17,13.4,0.2(1.52 %),8672700,115555000000,0,0,13.25,13.5,13.1
2023-05-09,11.0,13.2,0.2(1.54 %),7025200,92965000000,0,0,13.1,13.35,13.05
2023-05-08,10.84,13.0,0.05(0.39 %),4150200,53874000000,0,0,13.05,13.1,12.9
2023-05-05,10.8,12.95,-0.15(-1.15 %),2453700,32037000000,0,0,13.15,13.25,12.95
2023-05-04,10.92,13.1,0.25(1.95 %),7033000,91710000000,0,0,12.8,13.2,12.75
2023-04-28,10.71,12.85,-0.05(-0.39 %),2790100,35955000000,0,0,12.95,13.0,12.8
2023-04-27,10.75,12.9,0.15(1.18 %),3691400,47391000000,0,0,12.8,13.0,12.65
2023-04-26,10.63,12.75,0.05(0.39 %),2302000,29036000000,0,0,12.7,12.75,12.5
2023-04-25,10.54,12.65,-0.15(-1.17 %),2213900,28186000000,0,0,12.8,12.9,12.6
2023-04-24,10.67,12.8,0.1(0.79 %),2880800,36876000000,0,0,12.7,12.95,12.65
2023-04-21,10.54,12.65,-0.25(-1.94 %),3817500,48631000000,0,0,13.0,13.0,12.5
2023-04-20,10.71,12.85,-0.05(-0.39 %),2151800,27654000000,0,0,12.85,12.95,12.75
2023-04-19,10.75,12.9,-0.4(-3.01 %),2764200,36101000000,0,0,13.25,13.25,12.85
2023-04-18,11.05,13.25,0.35(2.71 %),4036600,52939000000,0,0,12.9,13.3,12.85
2023-04-17,10.71,12.85,0.05(0.39 %),2543300,32617000000,0,0,12.8,12.9,12.75
2023-04-14,10.67,12.8,-0.3(-2.29 %),5909100,76989000000,0,0,13.2,13.25,12.8
2023-04-13,10.92,13.1,-0.1(-0.76 %),3195100,41994000000,0,0,13.15,13.3,13.1
2023-04-12,10.96,13.15,-0.05(-0.38 %),5439700,72022000000,0,0,13.2,13.4,13.05
2023-04-11,11.0,13.2,0.2(1.54 %),5730800,74638000000,0,0,12.9,13.2,12.9
2023-04-10,10.8,12.95,-0.45(-3.36 %),13795500,182000000000,0,0,13.5,13.55,12.95
2023-04-07,11.13,13.35,-0.15(-1.11 %),6570900,88389000000,0,0,13.45,13.55,13.35
2023-04-06,11.25,13.5,-0.2(-1.46 %),14579400,200897000000,0,0,13.7,14.15,13.5
2023-04-05,11.42,13.7,-0.2(-1.44 %),10346200,142132000000,0,0,13.9,14.0,13.55
2023-04-04,11.59,13.9,-0.1(-0.71 %),12702300,179866000000,0,0,14.15,14.5,13.9
2023-04-03,11.67,14.0,0.5(3.70 %),10291300,141555000000,0,0,13.65,14.0,13.45
2023-03-31,11.21,13.45,0.05(0.37 %),5545700,74008000000,0,0,13.4,13.45,13.2
2023-03-30,11.13,13.35,-0.25(-1.84 %),7156900,97646000000,0,0,13.8,13.95,13.35
2023-03-29,11.34,13.6,0(0.00 %),4897400,66538000000,2000000,25300000000,13.55,13.75,13.45
2023-03-28,11.3,13.55,0.15(1.12 %),13761000,188530000000,0,0,13.2,14.0,13.2
2023-03-27,11.13,13.35,0.15(1.14 %),5443200,72519000000,0,0,13.35,13.45,13.15
2023-03-24,10.96,13.15,0.05(0.38 %),5872200,77948000000,0,0,13.3,13.4,13.15
2023-03-23,10.92,13.1,0.1(0.77 %),2473100,32190000000,0,0,12.9,13.1,12.9
2023-03-22,10.84,13.0,-0.1(-0.76 %),4819400,63729000000,25000,336250000,13.2,13.45,13.0
2023-03-21,10.88,13.05,0.15(1.16 %),3783000,49063000000,0,0,13.05,13.2,12.75
2023-03-20,10.71,12.85,-0.15(-1.15 %),5740900,74861000000,0,0,12.95,13.4,12.8
2023-03-17,10.84,13.0,-0.1(-0.76 %),3388600,44380000000,0,0,13.3,13.3,13.0
2023-03-16,10.88,13.05,-0.45(-3.33 %),4041300,53079000000,0,0,13.3,13.3,13.05
2023-03-15,11.21,13.45,0.55(4.26 %),5652900,75253000000,0,0,13.3,13.45,13.1
2023-03-14,10.71,12.85,-0.45(-3.38 %),7911300,102683000000,0,0,13.2,13.4,12.65
2023-03-13,11.05,13.25,-0.05(-0.38 %),6942000,91186000000,0,0,13.1,13.3,13.0
2023-03-10,11.09,13.3,-0.4(-2.92 %),7880000,106028000000,0,0,13.6,13.7,13.3
2023-03-09,11.42,13.7,-0.2(-1.44 %),6165200,85028000000,20000,290000000,13.9,14.05,13.6
2023-03-08,11.59,13.9,0.6(4.51 %),12649900,172373000000,0,0,13.1,13.9,13.1
2023-03-07,11.09,13.3,0.2(1.53 %),5032800,66142000000,0,0,13.1,13.35,12.95
2023-03-06,10.88,13.05,-0.05(-0.38 %),4494400,59685000000,0,0,13.3,13.6,13.0
2023-03-03,10.88,13.05,0.05(0.38 %),7637200,100650000000,0,0,13.2,13.45,12.9
2023-03-02,10.84,13.0,-0.1(-0.76 %),5704400,75439000000,0,0,13.2,13.5,13.0
2023-03-01,10.88,13.05,0.85(6.97 %),6688300,84587000000,0,0,12.2,13.05,11.95
2023-02-28,10.17,12.2,-0.4(-3.17 %),4713300,58808000000,0,0,12.8,12.9,12.2
2023-02-27,10.46,12.55,-0.45(-3.46 %),6421900,81689000000,0,0,12.7,13.0,12.4
2023-02-24,10.8,12.95,-0.55(-4.07 %),3986400,52555000000,0,0,13.5,13.6,12.95
2023-02-23,11.25,13.5,0.1(0.75 %),12091000,157336000000,1120000,15120000000,13.4,13.55,12.5
2023-02-22,11.13,13.35,-0.25(-1.84 %),12433100,170210000000,0,0,13.4,14.35,13.1
2023-02-21,11.34,13.6,0(0.00 %),14754400,204820000000,0,0,13.85,14.5,13.4
2023-02-20,11.34,13.6,0.2(1.49 %),8236900,111273000000,0,0,13.4,13.7,13.35
2023-02-17,11.13,13.35,0.15(1.14 %),11463500,151876000000,0,0,13.2,13.65,12.85
2023-02-16,10.96,13.15,0.25(1.94 %),5849500,76284000000,0,0,13.0,13.25,12.85
2023-02-15,10.71,12.85,0.75(6.20 %),12601600,161118000000,884000,9945000000,12.1,12.85,12.05
2023-02-14,10.04,12.05,0.25(2.12 %),3522300,42462000000,0,0,12.0,12.25,11.85
2023-02-13,9.79,11.75,-0.55(-4.47 %),7130700,84416000000,0,0,11.9,12.2,11.5
2023-02-10,10.21,12.25,-0.45(-3.54 %),4718700,58321000000,0,0,12.3,12.65,12.2
2023-02-09,10.54,12.65,0.15(1.20 %),5539500,70321000000,0,0,12.65,12.95,12.45
2023-02-08,10.38,12.45,0.35(2.89 %),7237600,88319000000,338682,3996447600,12.1,12.8,11.7
2023-02-07,10.04,12.05,-0.95(-7.31 %),9578300,118097000000,1666668,20333349600,12.95,13.1,12.05
2023-02-06,10.8,12.95,-0.15(-1.15 %),5248200,68324000000,0,0,13.05,13.3,12.7
2023-02-03,10.88,13.05,0.85(6.97 %),9564400,122295000000,2470000,30134000000,12.45,13.05,12.3
2023-02-02,10.17,12.2,-0.5(-3.94 %),8031800,98555000000,0,0,12.65,12.8,11.95
2023-02-01,10.54,12.65,-0.95(-6.99 %),9460600,123849000000,2470000,33592000000,13.75,13.8,12.65
2023-01-31,11.34,13.6,0.5(3.82 %),7924400,104983000000,0,0,13.05,13.65,12.9
2023-01-30,10.92,13.1,-0.3(-2.24 %),10452000,140733000000,0,0,13.4,13.95,12.85
2023-01-27,11.13,13.35,0.75(5.95 %),9752900,129098000000,6100000,71980000000,13.05,13.45,12.8
2023-01-19,10.5,12.6,-0.1(-0.79 %),6824500,85972000000,0,0,12.6,12.9,12.35
2023-01-18,10.54,12.65,0.15(1.20 %),8378300,106951000000,10908000,127078200000,12.8,13.1,12.5
2023-01-17,10.42,12.5,0.8(6.84 %),5550700,69006000000,21788900,238455705000,12.05,12.5,11.9
2023-01-16,9.75,11.7,0.7(6.36 %),6671600,76498000000,544000,5603200000,10.95,11.7,10.95
2023-01-13,9.13,10.95,-0.05(-0.45 %),4736100,52474000000,0,0,11.3,11.3,10.9
2023-01-12,9.17,11.0,0.2(1.85 %),4167700,45411000000,170000,1717000000,10.8,11.2,10.65
2023-01-11,9.0,10.8,-0.1(-0.92 %),6452300,71097000000,0,0,11.1,11.2,10.8
2023-01-10,9.09,10.9,0.7(6.86 %),7352100,79004000000,0,0,10.2,10.9,10.15
2023-01-09,8.5,10.2,-0.1(-0.97 %),2719500,28049000000,0,0,10.5,10.55,10.2
2023-01-06,8.54,10.25,-0.35(-3.30 %),3698800,38783000000,0,0,10.7,10.9,10.2
2023-01-05,8.84,10.6,0.1(0.95 %),5046700,53243000000,0,0,10.8,10.85,10.3
2023-01-04,8.75,10.5,0.4(3.96 %),11192500,119050000000,0,0,10.75,10.75,10.3
2023-01-03,8.38,10.05,0.65(6.91 %),2703300,27005000000,0,0,9.9,10.05,9.81
2022-12-30,7.85,9.42,0.42(4.67 %),3564400,33159000000,0,0,9.1,9.5,8.99
2022-12-29,7.46,8.95,0.25(2.87 %),2316000,20792000000,0,0,8.67,9.05,8.67
2022-12-28,7.23,8.67,-0.03(-0.34 %),957500,8327000000,0,0,8.75,8.8,8.63
2022-12-27,7.25,8.7,0.3(3.57 %),1280200,10914000000,0,0,8.4,8.7,8.35
2022-12-26,6.99,8.39,-0.41(-4.66 %),2607800,22998000000,0,0,8.95,9.09,8.39
2022-12-23,7.34,8.8,-0.1(-1.12 %),1096900,9765000000,0,0,8.88,9.05,8.71
2022-12-22,7.39,8.86,0.06(0.68 %),1349100,11956000000,0,0,8.9,9.01,8.7
2022-12-21,7.34,8.8,-0.3(-3.30 %),2435700,21460000000,0,0,9.18,9.19,8.47
2022-12-20,7.55,9.06,-0.34(-3.62 %),3581400,32402000000,3300000,31185000000,9.4,9.41,8.8
2022-12-19,7.84,9.4,-0.3(-3.09 %),3778600,36756000000,0,0,9.89,9.89,9.4
2022-12-16,8.06,9.67,0.37(3.98 %),4199400,40256000000,0,0,9.1,9.77,9.1
2022-12-15,7.77,9.32,0.02(0.22 %),1892800,17687000000,0,0,9.35,9.6,9.25
2022-12-14,7.75,9.3,0.1(1.09 %),2959500,27877000000,0,0,9.5,9.59,9.3
2022-12-13,7.67,9.2,0(0.00 %),2482400,22523000000,0,0,9.2,9.35,8.7
2022-12-12,7.67,9.2,0(0.00 %),4379700,41919000000,0,0,9.6,9.79,9.1
2022-12-09,7.67,9.2,0.6(6.98 %),4604800,41671000000,0,0,8.71,9.2,8.54
2022-12-08,7.17,8.6,0.2(2.38 %),2167300,18763000000,0,0,8.6,8.9,8.48
2022-12-07,6.96,8.35,-0.45(-5.11 %),2782800,23655000000,0,0,8.45,8.81,8.28
2022-12-06,7.35,8.82,-0.68(-7.16 %),4647500,42491000000,0,0,9.47,9.47,8.82
2022-12-05,7.9,9.48,0.28(3.04 %),4162600,39332000000,0,0,9.5,9.72,9.21
2022-12-02,7.65,9.18,0.28(3.15 %),3449800,30835000000,0,0,8.73,9.25,8.6
2022-12-01,7.43,8.91,0.01(0.11 %),4307700,39421000000,0,0,9.2,9.48,8.7
2022-11-30,7.43,8.91,0.01(0.11 %),3074200,27185000000,0,0,8.9,9.0,8.5
2022-11-29,7.39,8.86,0.26(3.02 %),3218300,28257000000,0,0,8.9,9.0,8.3
2022-11-28,7.19,8.62,0.52(6.42 %),3582500,30534000000,0,0,8.3,8.62,8.3
2022-11-25,6.72,8.06,0.46(6.05 %),1515300,11933000000,0,0,7.77,8.06,7.71
2022-11-24,6.29,7.55,0.04(0.53 %),1553400,11486000000,0,0,7.45,7.65,7.19
2022-11-23,6.26,7.51,-0.49(-6.12 %),1703000,13319000000,0,0,8.0,8.1,7.51
2022-11-22,6.69,8.02,-0.28(-3.37 %),3697000,30940000000,0,0,8.3,8.7,7.9
2022-11-21,6.92,8.3,0.4(5.06 %),2045200,16796000000,0,0,8.0,8.34,8.0
2022-11-18,6.58,7.89,0.49(6.62 %),3995300,29780000000,1000000,7400000000,7.3,7.9,6.9
2022-11-17,6.16,7.39,0.19(2.64 %),1374400,10235000000,0,0,7.55,7.6,7.25
2022-11-16,5.97,7.16,0.46(6.87 %),7233800,47104000000,0,0,6.24,7.16,6.24
2022-11-15,5.59,6.7,-0.5(-6.94 %),740100,4960000000,0,0,6.7,7.09,6.7
2022-11-14,6.0,7.2,-0.5(-6.49 %),1316100,9493000000,0,0,7.3,7.35,7.2
2022-11-11,6.45,7.74,-0.56(-6.75 %),2872100,22800000000,3500000,28320000000,8.34,8.5,7.74
2022-11-10,6.94,8.32,-0.58(-6.52 %),2231100,18890000000,0,0,8.74,9.0,8.32
2022-11-09,7.45,8.94,0.04(0.45 %),807200,7339000000,0,0,9.0,9.27,8.9
2022-11-08,7.45,8.94,-0.06(-0.67 %),1200300,10581000000,0,0,8.7,9.02,8.65
2022-11-07,7.54,9.04,-0.66(-6.80 %),2168400,20029000000,0,0,9.74,9.79,9.04
2022-11-04,8.09,9.71,-0.49(-4.80 %),1878100,18556000000,0,0,10.0,10.3,9.7
2022-11-03,8.5,10.2,0.5(5.15 %),1990600,19975000000,0,0,9.7,10.35,9.62
2022-11-02,8.08,9.69,-0.01(-0.10 %),899100,8766000000,0,0,9.7,9.87,9.66
2022-11-01,8.09,9.71,-0.09(-0.92 %),1362500,13406000000,0,0,9.9,10.0,9.7
2022-10-31,8.13,9.75,-0.15(-1.52 %),1115200,10756000000,0,0,9.88,9.99,9.35
2022-10-28,8.24,9.88,-0.12(-1.20 %),1352100,13571000000,0,0,10.0,10.3,9.8
2022-10-27,8.29,9.95,0.65(6.99 %),1429700,13814000000,0,0,9.31,9.95,9.3
2022-10-26,7.75,9.3,-0.1(-1.06 %),854800,8099000000,0,0,9.45,9.7,9.21
2022-10-25,7.84,9.4,0(0.00 %),2596500,24125000000,0,0,9.31,9.79,8.79
2022-10-24,7.84,9.4,-0.7(-6.93 %),3925400,37724000000,0,0,10.2,10.2,9.4
2022-10-21,8.42,10.1,-0.8(-7.34 %),3379300,34657000000,0,0,10.85,10.9,10.1
2022-10-20,9.04,10.85,-0.15(-1.36 %),1030200,11212000000,0,0,10.85,11.05,10.75
2022-10-19,9.17,11.0,0.4(3.77 %),2372300,25997000000,0,0,11.0,11.1,10.85
2022-10-18,8.79,11.1,-0.1(-0.89 %),5447200,61890000000,0,0,11.4,11.6,11.1
2022-10-17,8.83,11.15,0.15(1.36 %),2459000,27026000000,0,0,10.95,11.2,10.75
2022-10-14,8.68,10.95,-0.05(-0.45 %),2640500,29388000000,0,0,11.25,11.4,10.95
2022-10-13,8.68,10.95,0.35(3.30 %),1428100,15667000000,0,0,10.7,11.1,10.7
2022-10-12,8.4,10.6,-0.1(-0.93 %),1816700,19682000000,0,0,10.4,11.15,10.4
2022-10-11,8.48,10.7,-0.8(-6.96 %),2158200,23620000000,0,0,11.6,11.6,10.7
2022-10-10,9.11,11.5,0.3(2.68 %),2178000,24331000000,0,0,10.7,11.7,10.7
2022-10-07,8.83,11.15,-0.85(-7.08 %),3207400,36239000000,0,0,11.5,11.6,11.15
2022-10-06,9.47,11.95,-0.85(-6.64 %),2452300,30119000000,0,0,12.75,12.95,11.95
2022-10-05,10.14,12.8,0.6(4.92 %),1669400,20946000000,0,0,12.5,13.0,12.25
2022-10-04,9.63,12.15,-0.55(-4.33 %),2163200,27038000000,0,0,13.0,13.0,12.1
2022-10-03,10.02,12.65,-0.95(-6.99 %),3055100,39805000000,0,0,13.65,13.7,12.65
2022-09-30,10.78,13.6,-0.5(-3.55 %),3863500,51852000000,0,0,13.65,14.0,13.15
2022-09-29,11.17,14.1,-1.1(-7.24 %),6493800,93343000000,800000,11920000000,15.1,15.2,14.1
2022-09-28,12.0,15.15,-1.15(-7.06 %),6477900,99985000000,0,0,15.9,16.1,15.15
2022-09-27,12.88,16.25,-0.25(-1.52 %),2542600,41958000000,200000,3070000000,16.6,16.8,16.25
2022-09-26,13.07,16.5,0.3(1.85 %),6738900,108127000000,0,0,15.85,16.5,15.65
2022-09-23,12.84,16.2,-0.5(-2.99 %),5983800,99740000000,0,0,16.7,17.2,16.0
2022-09-22,13.19,16.65,0.25(1.52 %),5738300,93983000000,0,0,16.25,16.7,16.05
2022-09-21,12.99,16.4,0.7(4.46 %),8363800,136570000000,0,0,15.35,16.7,15.35
2022-09-20,12.4,15.65,-0.05(-0.32 %),2980900,46259000000,1000000,15000000000,15.9,15.9,15.2
2022-09-19,12.44,15.7,0.7(4.67 %),8793700,136160000000,0,0,15.0,15.7,15.0
2022-09-16,11.85,14.95,0.05(0.34 %),2738600,40673000000,0,0,14.65,15.2,14.55
2022-09-15,11.77,14.85,-0.05(-0.34 %),1094300,16346000000,0,0,15.1,15.2,14.8
2022-09-14,11.77,14.85,0.05(0.34 %),2930100,43695000000,0,0,14.3,15.3,14.3
2022-09-13,11.73,14.8,0.2(1.37 %),782200,11424000000,60000,900000000,14.6,14.8,14.45
2022-09-12,11.57,14.6,-0.1(-0.68 %),559900,8272000000,0,0,14.8,15.0,14.6
2022-09-09,11.65,14.7,0.3(2.08 %),1290300,18570000000,60000,900000000,14.5,14.85,14.1
2022-09-08,11.41,14.4,-0.4(-2.70 %),1656200,24287000000,0,0,15.0,15.0,14.4
2022-09-07,11.73,14.8,-0.6(-3.90 %),1866300,28413000000,0,0,15.35,15.45,14.8
2022-09-06,12.16,15.35,0.15(0.99 %),3278600,50728000000,0,0,15.15,15.65,15.15
2022-09-05,12.0,15.15,0.15(1.00 %),1224300,18415000000,180000,2736000000,15.0,15.15,14.95
2022-08-31,11.85,14.95,0.15(1.01 %),964400,14325000000,0,0,14.65,15.0,14.65
2022-08-30,11.73,14.8,-0.1(-0.67 %),1342700,20059000000,0,0,15.15,15.15,14.75
2022-08-29,11.77,14.85,-0.05(-0.34 %),2419100,35124000000,0,0,14.5,14.95,14.2
2022-08-26,11.77,14.85,-0.35(-2.30 %),1715900,25762000000,0,0,15.2,15.3,14.8
2022-08-25,12.04,15.2,0(0.00 %),1391600,21155000000,0,0,15.2,15.4,15.1
2022-08-24,12.0,15.15,-0.25(-1.62 %),1414800,21596000000,0,0,15.45,15.45,15.15
2022-08-23,12.16,15.35,0.95(6.60 %),2130800,31232000000,0,0,14.1,15.35,14.1
2022-08-22,11.41,14.4,-0.6(-4.00 %),2630300,38408000000,0,0,14.95,14.95,14.35
2022-08-19,11.88,15.0,-0.4(-2.60 %),2334100,35367000000,221000,3171350000,15.4,15.4,14.85
2022-08-18,12.2,15.4,-0.2(-1.28 %),1693000,26026000000,439000,6387450000,15.5,15.6,15.2
2022-08-17,12.36,15.6,-0.2(-1.27 %),2073700,32768000000,0,0,15.9,16.05,15.5
2022-08-16,12.48,15.75,0.25(1.61 %),2160600,33834000000,0,0,15.5,15.85,15.45
2022-08-15,12.28,15.5,0.1(0.65 %),1859400,28890000000,0,0,15.45,15.65,15.45
2022-08-12,12.2,15.4,0.1(0.65 %),1390000,21236000000,0,0,15.2,15.45,15.05
2022-08-11,12.08,15.25,-0.45(-2.87 %),2379700,36874000000,0,0,15.9,15.9,15.05
2022-08-10,12.4,15.65,0.05(0.32 %),2302100,36118000000,0,0,15.5,15.9,15.3
2022-08-09,12.36,15.6,0(0.00 %),1672400,26036000000,0,0,15.6,15.75,15.45
2022-08-08,12.32,15.55,0.15(0.97 %),2651200,40970000000,5300000,81620000000,15.4,15.75,15.25
2022-08-05,12.2,15.4,0(0.00 %),1974400,30095000000,0,0,15.4,15.4,14.95
2022-08-04,12.2,15.4,0.2(1.32 %),2113400,32538000000,0,0,15.45,15.7,15.15
2022-08-03,12.04,15.2,0.2(1.33 %),2141000,32272000000,0,0,14.95,15.25,14.8
2022-08-02,11.88,15.0,0.2(1.35 %),2402400,36173000000,0,0,15.1,15.25,14.85
2022-08-01,11.73,14.8,0.2(1.37 %),2002800,29832000000,0,0,14.6,15.15,14.6
2022-07-29,11.57,14.6,-0.3(-2.01 %),2161300,31856000000,0,0,14.85,14.9,14.6
2022-07-28,11.77,14.85,0.05(0.34 %),3205600,48221000000,0,0,15.1,15.4,14.8
2022-07-27,11.73,14.8,0.1(0.68 %),1270200,18613000000,0,0,14.55,14.8,14.4
2022-07-26,11.65,14.7,0.3(2.08 %),2811700,41788000000,1000000,14400000000,14.3,15.15,14.3
2022-07-25,11.41,14.4,0.2(1.41 %),2001200,28592000000,0,0,14.2,14.55,13.9
2022-07-22,11.25,14.2,0.3(2.16 %),2054700,29260000000,0,0,14.0,14.45,13.85
2022-07-21,10.97,13.85,-0.25(-1.77 %),1662900,23315000000,211700,2783855000,14.1,14.3,13.8
2022-07-20,11.17,14.1,0(0.00 %),1714300,24514000000,0,0,14.3,14.6,14.1
2022-07-19,11.17,14.1,-0.3(-2.08 %),1834500,25868000000,0,0,14.4,14.4,13.9
2022-07-18,11.37,14.35,0.85(6.30 %),3784600,53790000000,0,0,13.5,14.35,13.5
2022-07-15,10.66,13.45,-0.35(-2.54 %),2077500,28416000000,0,0,13.7,13.9,13.45
2022-07-14,10.89,13.75,0.05(0.36 %),2630600,36579000000,0,0,13.65,14.4,13.4
2022-07-13,10.82,13.65,0.85(6.64 %),3315400,44456000000,2000000,26000000000,12.8,13.65,12.7
2022-07-12,10.14,12.8,0.7(5.79 %),1756000,21843000000,0,0,12.2,12.8,12.1
2022-07-11,9.59,12.1,0.1(0.83 %),1610000,19515000000,0,0,12.1,12.4,11.95
2022-07-08,9.51,12.0,0.6(5.26 %),1136800,13495000000,0,0,11.55,12.0,11.5
2022-07-07,9.03,11.4,0.3(2.70 %),586500,6632000000,0,0,11.5,11.5,11.15
2022-07-06,8.79,11.1,-0.5(-4.31 %),1148600,12944000000,0,0,11.45,11.5,11.1
2022-07-05,9.15,11.55,-0.45(-3.75 %),721100,8452000000,0,0,12.0,12.0,11.5
2022-07-04,9.47,11.95,0.35(3.02 %),870600,10406000000,0,0,11.95,12.1,11.8
2022-07-01,9.19,11.6,-0.1(-0.85 %),955000,10900000000,0,0,11.6,11.75,11.1
2022-06-30,9.23,11.65,-0.65(-5.28 %),1050000,12579000000,0,0,12.2,12.25,11.65
2022-06-29,9.71,12.25,-0.15(-1.21 %),988900,12126000000,0,0,12.3,12.45,12.15
2022-06-28,9.82,12.4,0.3(2.48 %),1364300,16850000000,0,0,12.0,12.5,12.0
2022-06-27,9.59,12.1,0.3(2.54 %),1115700,13361000000,0,0,12.1,12.15,11.6
2022-06-24,9.35,11.8,0.1(0.85 %),998800,11970000000,0,0,11.7,12.25,11.7
2022-06-23,9.27,11.7,0.2(1.74 %),725200,8431000000,0,0,11.5,11.9,11.5
2022-06-22,9.11,11.5,0.7(6.48 %),1877000,21179000000,0,0,11.2,11.5,10.8
2022-06-21,8.52,10.75,-0.65(-5.70 %),1465300,16151000000,0,0,11.0,11.45,10.7
2022-06-20,8.99,11.35,-0.85(-6.97 %),1995100,23050000000,0,0,12.4,12.4,11.35
2022-06-17,9.67,12.2,-0.9(-6.87 %),2739000,33576000000,0,0,12.5,12.9,12.2
2022-06-16,10.38,13.1,0.1(0.77 %),1180300,15655000000,0,0,13.15,13.5,13.1
2022-06-15,10.26,12.95,-0.95(-6.83 %),2385600,31506000000,0,0,13.8,14.0,12.9
2022-06-14,10.97,13.85,-0.55(-3.82 %),1578200,22214000000,0,0,13.9,14.5,13.65
2022-06-13,11.37,14.35,-1.05(-6.82 %),2494100,36236000000,0,0,14.55,15.0,14.35
2022-06-10,12.2,15.4,-0.4(-2.53 %),1427500,22439000000,0,0,15.5,16.1,15.4
2022-06-09,12.48,15.75,0.05(0.32 %),803300,12711000000,0,0,15.85,16.05,15.65
2022-06-08,12.44,15.7,0.6(3.97 %),1263400,19668000000,0,0,15.2,15.95,15.2
2022-06-07,11.96,15.1,-0.4(-2.58 %),1669900,25083000000,0,0,15.1,15.45,14.7
2022-06-06,12.24,15.45,-0.35(-2.22 %),1421500,22229000000,0,0,15.75,15.9,15.45
2022-06-03,12.48,15.75,-0.45(-2.78 %),1828900,28933000000,0,0,16.1,16.2,15.55
2022-06-02,12.8,16.15,-0.25(-1.52 %),1654900,27115000000,0,0,16.45,16.6,16.0
2022-06-01,12.95,16.35,0.05(0.31 %),1232900,20212000000,0,0,16.35,16.75,16.15
2022-05-31,12.91,16.3,0(0.00 %),1651200,27077000000,0,0,16.15,16.8,16.05
2022-05-30,12.88,16.25,0.05(0.31 %),990100,16132000000,0,0,16.25,16.4,16.15
2022-05-27,12.84,16.2,0.1(0.62 %),1482000,24186000000,0,0,16.15,16.5,16.05
2022-05-26,12.76,16.1,0(0.00 %),1943400,31603000000,0,0,16.3,16.45,16.0
2022-05-25,12.72,16.05,1.05(7.00 %),2538700,39520000000,0,0,15.15,16.05,15.0
2022-05-24,11.88,15.0,0.1(0.67 %),905300,13433000000,68000,1054000000,14.8,15.0,14.5
2022-05-23,11.81,14.9,-0.1(-0.67 %),1491300,22603000000,0,0,15.3,15.65,14.6
2022-05-20,11.88,15.0,0.2(1.35 %),1613300,24391000000,0,0,14.8,15.4,14.8
2022-05-19,11.73,14.8,-0.1(-0.67 %),1146500,16913000000,0,0,14.5,15.0,14.3
2022-05-18,11.81,14.9,0.2(1.36 %),1672200,25318000000,0,0,15.0,15.45,14.8
2022-05-17,11.61,14.65,0.95(6.93 %),1900800,26814000000,97300,1420580000,13.75,14.65,13.4
2022-05-16,10.85,13.7,-0.9(-6.16 %),1795600,25925000000,0,0,14.9,15.1,13.7
2022-05-13,11.53,14.55,-1.05(-6.73 %),2708000,39930000000,3000000,49800000000,14.9,15.6,14.55
2022-05-12,12.36,15.6,-1.15(-6.87 %),1725200,27491000000,22000,393800000,16.7,16.7,15.6
2022-05-11,13.27,16.75,0.2(1.21 %),1012000,16834000000,0,0,16.8,16.8,16.3
2022-05-10,13.11,16.55,-0.15(-0.90 %),3081700,49765000000,0,0,15.6,16.55,15.55
2022-05-09,13.19,16.65,-1.25(-6.98 %),3125200,52957000000,100000,1700000000,17.5,17.7,16.65
2022-05-06,14.14,17.85,-0.95(-5.05 %),1895900,34379000000,0,0,18.2,18.45,17.85
2022-05-05,14.86,18.75,-0.45(-2.34 %),1287200,24349000000,165300,3173760000,19.4,19.5,18.25
2022-05-04,15.17,19.15,0.65(3.51 %),1981300,37598000000,211400,3910900000,18.6,19.45,18.5
2022-04-29,14.66,18.5,0.1(0.54 %),1570700,28942000000,0,0,18.35,18.65,18.15
2022-04-28,14.58,18.4,0(0.00 %),1214100,22441000000,200000,3680000000,18.4,18.85,18.35
2022-04-27,14.54,18.35,0.35(1.94 %),1741700,31778000000,200000,3600000000,17.9,18.55,17.75
2022-04-26,14.22,17.95,0.65(3.76 %),2794700,48698000000,0,0,17.3,18.0,16.7
2022-04-25,13.71,17.3,-1.2(-6.49 %),3664300,66316000000,0,0,18.8,19.05,17.3
2022-04-22,14.62,18.45,0.85(4.83 %),2942500,53445000000,0,0,18.2,18.6,17.6
2022-04-21,13.94,17.6,-1(-5.38 %),4286300,75809000000,0,0,17.6,18.6,17.3
2022-04-20,14.74,18.6,-1.35(-6.77 %),4801600,91528000000,0,0,19.95,20.15,18.6
2022-04-19,15.81,19.95,-1.45(-6.78 %),4980800,102239000000,50000,1070000000,21.55,21.8,19.95
2022-04-18,16.96,21.4,-1.6(-6.96 %),6622200,144168000000,50000,1100000000,23.0,23.1,21.4
2022-04-15,18.22,23.0,-0.4(-1.71 %),2437800,56564000000,0,0,23.3,23.5,23.0
2022-04-14,18.5,23.35,-0.35(-1.48 %),1642900,38706000000,0,0,23.95,23.95,23.35
2022-04-13,18.74,23.65,0.45(1.94 %),3363300,78228000000,0,0,23.3,23.8,22.8
2022-04-12,18.38,23.2,-0.9(-3.73 %),4413600,104900000000,0,0,24.3,24.4,23.2
2022-04-08,19.1,24.1,-0.7(-2.82 %),4055400,99206000000,20000,520000000,24.7,25.0,24.1
2022-04-07,19.61,24.75,-0.05(-0.20 %),3982400,99126000000,0,0,25.0,25.2,24.7
2022-04-06,19.61,24.75,-0.15(-0.60 %),7486700,187582000000,0,0,24.75,25.4,24.6
2022-04-05,19.73,24.9,0.4(1.63 %),7574500,187789000000,0,0,24.65,25.2,24.3
2022-04-04,19.41,24.5,0.5(2.08 %),4201500,101958000000,0,0,24.45,24.6,24.05
2022-04-01,19.02,24.0,0.1(0.42 %),2501900,59606000000,0,0,23.85,24.05,23.65
2022-03-31,18.94,23.9,0.1(0.42 %),2567500,61250000000,0,0,24.1,24.3,23.65
2022-03-30,18.86,23.8,0(0.00 %),4840700,116887000000,0,0,23.75,24.7,23.6
2022-03-29,18.82,23.75,0.15(0.64 %),3791200,89657000000,0,0,23.65,23.8,23.55
2022-03-28,18.66,23.55,-0.65(-2.69 %),5821800,137676000000,0,0,24.0,24.0,23.2
2022-03-25,19.17,24.2,-0.2(-0.82 %),3296300,80311000000,20000,508000000,24.45,24.6,24.2
2022-03-24,19.33,24.4,0.1(0.41 %),3010300,73297000000,0,0,24.05,24.85,24.05
2022-03-23,19.21,24.25,-0.35(-1.42 %),3588600,87639000000,0,0,24.55,24.65,24.2
2022-03-22,19.45,24.55,0.05(0.20 %),7459900,185409000000,0,0,24.8,25.5,24.4
2022-03-21,19.41,24.5,0.5(2.08 %),4626100,112702000000,0,0,24.15,24.6,24.0
2022-03-18,19.02,24.0,-0.2(-0.83 %),4565000,110142000000,0,0,24.3,24.55,23.85
2022-03-17,19.17,24.2,-0.3(-1.22 %),3571100,87031000000,0,0,24.5,24.9,24.0
2022-03-16,19.41,24.5,-0.2(-0.81 %),4062900,99948000000,0,0,25.05,25.05,24.1
2022-03-15,19.53,24.65,1.15(4.89 %),9828500,238642000000,0,0,23.7,24.95,23.45
2022-03-14,18.58,23.45,0.15(0.64 %),4417500,103805000000,0,0,23.3,23.8,23.15
2022-03-11,18.46,23.3,0.1(0.43 %),4551500,106751000000,0,0,23.2,23.9,23.05
2022-03-10,18.38,23.2,0(0.00 %),2485300,58045000000,0,0,23.5,23.65,23.15
2022-03-09,18.34,23.15,-0.15(-0.64 %),4084600,94670000000,0,0,23.25,23.7,22.95
2022-03-08,18.42,23.25,-0.45(-1.90 %),4645600,109389000000,0,0,23.4,23.9,23.25
2022-03-07,18.74,23.65,-0.25(-1.05 %),4282700,101802000000,0,0,23.8,24.1,23.5
2022-03-04,18.94,23.9,0.5(2.14 %),4651900,111781000000,0,0,23.8,24.2,23.7
2022-03-03,18.54,23.4,0.3(1.30 %),3883800,89832000000,0,0,23.3,23.4,22.9
2022-03-02,18.3,23.1,-0.4(-1.70 %),4930800,113952000000,0,0,23.45,23.45,22.95
2022-03-01,18.62,23.5,0.3(1.29 %),3354300,78637000000,0,0,23.15,23.7,23.1
2022-02-28,18.34,23.15,-0.35(-1.49 %),4152900,96537000000,0,0,23.55,23.6,23.1
2022-02-25,18.62,23.5,0.2(0.86 %),3022500,71153000000,0,0,23.6,23.85,23.35
2022-02-24,18.42,23.25,-1.15(-4.71 %),8959200,210483000000,100000,2265000000,24.3,24.3,22.65
2022-02-23,19.29,24.35,-0.05(-0.20 %),3339300,81506000000,0,0,24.35,24.7,24.15
2022-02-22,19.29,24.35,-0.85(-3.37 %),5578100,136344000000,0,0,24.75,25.0,23.95
2022-02-21,19.97,25.2,-0.1(-0.40 %),4833200,122531000000,0,0,25.3,25.9,24.85
2022-02-18,20.05,25.3,0.9(3.69 %),5065200,124729000000,0,0,24.0,25.3,24.0
2022-02-17,19.33,24.4,0.1(0.41 %),3167100,77178000000,0,0,24.3,24.65,24.25
2022-02-16,19.25,24.3,0.6(2.53 %),3182600,77214000000,0,0,23.9,24.6,23.75
2022-02-15,18.78,23.7,0.1(0.42 %),2218100,52275000000,0,0,23.5,23.8,23.3
2022-02-14,18.7,23.6,-0.8(-3.28 %),3715500,88344000000,0,0,23.8,24.15,23.5
2022-02-11,19.29,24.35,-0.05(-0.20 %),2470800,60086000000,400000,9080000000,24.5,24.55,24.0
2022-02-10,19.33,24.4,0.3(1.24 %),3391600,82417000000,0,0,24.2,24.65,23.9
2022-02-09,19.06,24.05,0.45(1.91 %),4663700,110801000000,0,0,23.5,24.3,22.9
2022-02-08,18.7,23.6,0.1(0.43 %),2940800,68986000000,0,0,23.8,23.8,22.8
2022-02-07,18.62,23.5,0.9(3.98 %),3818100,89024000000,0,0,23.1,23.6,22.9
2022-01-28,17.91,22.6,-0.6(-2.59 %),7255900,162475000000,0,0,23.0,23.2,21.6
2022-01-27,18.38,23.2,-0.7(-2.93 %),3784400,87899000000,0,0,23.95,23.95,22.8
2022-01-26,18.94,23.9,-0.1(-0.42 %),7548300,176109000000,0,0,24.85,24.85,22.7
2022-01-25,19.02,24.0,-1(-4.00 %),12476400,293970000000,0,0,23.3,25.0,23.25
2022-01-24,19.77,24.95,-1.85(-6.90 %),8196400,208800000000,0,0,26.5,26.6,24.95
2022-01-21,21.23,26.8,-1(-3.60 %),8743500,239778000000,0,0,28.25,28.25,26.6
2022-01-06,22.19,28.0,0.1(0.36 %),13250932,374106029400,665000,15827000000,28.2,28.6,27.9
2022-01-05,22.26,28.1,0.7(2.55 %),17945119,500583680700,0,0,27.7,28.6,27.4
2022-01-04,21.95,27.7,0.9(3.36 %),13925205,381487298100,140000,3192000000,26.6,27.8,26.6
2021-12-31,21.31,26.9,-0.2(-0.74 %),6392239,171014517700,0,0,27.1,27.3,26.5
2021-12-30,21.39,27.0,0.3(1.12 %),7910124,214077681300,0,0,26.8,27.5,26.6
2021-12-29,21.16,26.7,-0.3(-1.11 %),6424134,171337421000,0,0,26.8,27.0,26.3
2021-12-28,21.23,26.8,-0.5(-1.83 %),11697904,315799650400,0,0,27.8,27.8,26.7
2021-12-27,21.47,27.1,0.9(3.44 %),17240791,470757674000,0,0,26.2,28.0,26.2
2021-12-24,20.76,26.2,0.2(0.77 %),4550699,119358683600,60000,1326000000,26.4,27.0,25.8
2021-12-23,20.92,26.4,0.8(3.12 %),12068916,313635621000,147000,3204600000,25.7,26.8,25.3
2021-12-22,20.28,25.6,0.1(0.39 %),7583028,194201087800,188000,5038400000,25.5,25.9,25.4
2021-12-21,20.36,25.7,0.1(0.39 %),8103430,206558100000,565000,12347000000,25.5,26.3,24.7
2021-12-20,20.2,25.5,-0.6(-2.30 %),8025416,205445689400,3000,81000000,26.0,26.0,25.3
2021-12-17,20.68,26.1,-0.2(-0.76 %),8052811,210384798500,0,0,26.3,26.7,25.8
2021-12-16,21.08,26.6,0.6(2.31 %),8389607,220674471300,500000,11080000000,25.9,26.8,22.1
2021-12-15,20.52,25.9,-0.6(-2.26 %),8646279,224521233600,20000,460000000,26.5,26.8,23.0
2021-12-14,21.0,26.5,-0.1(-0.38 %),13682521,362420255900,400000,9080000000,26.8,27.4,22.7
2021-12-13,21.0,26.5,0.7(2.71 %),9008661,239695974300,0,0,26.3,27.1,26.2
2021-12-10,20.84,26.3,1.3(5.20 %),13478194,347559343700,25000,550000000,25.2,26.4,22.0
2021-12-09,20.2,25.5,0.6(2.41 %),9343589,233484422300,20000,510000000,24.9,25.7,24.0
2021-12-08,19.65,24.8,0.2(0.81 %),5973805,148859308800,13000,319800000,25.0,25.5,24.0
2021-12-07,19.89,25.1,0.8(3.29 %),11055839,272408876900,200000,4140000000,23.9,25.3,20.7
2021-12-06,18.94,23.9,-1.5(-5.91 %),13604216,331031481200,120000,2602000000,24.7,25.3,21.6
2021-12-03,19.57,24.7,-1.2(-4.63 %),13961635,354458699400,2025000,46552500000,26.1,26.4,22.1
2021-12-02,20.68,26.1,0.6(2.35 %),13559343,351444415500,624900,13576330000,25.5,26.8,21.7
2021-12-01,20.28,25.6,0.1(0.39 %),12015183,306644303300,300500,7274600000,25.9,29.2,21.7
2021-11-30,20.2,25.5,1.5(6.25 %),20347121,518472562500,1225000,25187500000,24.5,26.1,20.5
2021-11-29,19.25,24.3,1.4(6.11 %),13682516,328505038400,550000,11200000000,23.2,24.5,20.0
2021-11-26,18.62,23.5,0.9(3.98 %),12582220,287913599000,595000,11798500000,22.7,24.0,22.1
2021-11-25,17.99,22.7,-0.1(-0.44 %),10893706,246046240200,3030000,60990000000,22.8,25.0,20.0
2021-11-24,17.91,22.6,0.2(0.89 %),6734469,153367003600,150000,3750000000,22.6,25.0,22.2
2021-11-23,18.14,22.9,0.6(2.69 %),6644525,148655627100,0,0,22.2,23.0,21.5
2021-11-22,17.35,21.9,-1.7(-7.20 %),13339479,296894646900,39000000,783900000000,23.6,23.6,20.1
2021-11-19,18.22,23.0,-0.6(-2.54 %),14599771,344694628700,100000,2050000000,24.0,24.6,20.5
2021-11-18,18.78,23.7,0.6(2.60 %),11967807,282744369900,904000,17838800000,23.1,24.5,19.7
2021-11-17,18.3,23.1,-0.5(-2.12 %),15264484,352863019400,0,0,23.6,23.8,22.8
2021-11-16,18.7,23.6,-0.5(-2.07 %),8598438,202604971800,0,0,24.5,24.5,22.9
2021-11-15,19.33,24.4,1.1(4.72 %),12605888,304403137800,0,0,23.4,24.9,23.3
2021-11-12,18.7,23.6,0.5(2.16 %),13793840,320709417700,12253000,243951300000,23.2,23.9,19.9
2021-11-11,18.3,23.1,-0.5(-2.12 %),10489302,242747433800,0,0,23.9,23.9,22.8
2021-11-10,18.7,23.6,1.1(4.89 %),10416716,245789201800,500000,10500000000,22.8,24.1,22.8
2021-11-09,18.14,22.9,1.8(8.53 %),26821502,603615313500,0,0,21.3,23.2,21.3
2021-11-08,16.96,21.4,0.8(3.88 %),8749611,184613594500,0,0,20.6,21.5,20.6
2021-11-05,16.32,20.6,0(0.00 %),6472306,133084423100,0,0,20.6,20.9,20.4
2021-11-04,16.4,20.7,-0.6(-2.82 %),7283648,150263770300,0,0,20.7,21.2,20.2
2021-11-03,16.4,20.7,-1.1(-5.05 %),13530056,287977939200,0,0,21.8,22.0,20.6
2021-11-02,17.27,21.8,0.2(0.93 %),7822756,170367802400,0,0,21.8,22.3,21.6
2021-11-01,17.35,21.9,1(4.78 %),16701446,361296254700,38000,801800000,20.9,22.4,20.9
2021-10-29,16.56,20.9,0(0.00 %),7072577,148138268200,6250365,119006935000,21.1,21.5,19.0
2021-10-28,16.72,21.1,1(4.98 %),16095630,336540920000,49000,994700000,20.2,21.4,20.2
2021-10-27,16.0,20.2,0.5(2.54 %),7706790,154614810300,0,0,19.8,20.4,19.6
2021-10-26,15.69,19.8,-0.1(-0.50 %),2528050,49849486600,0,0,19.8,19.9,19.6
2021-10-25,15.61,19.7,-0.2(-1.01 %),4012744,79726354900,0,0,20.1,20.3,19.7
2021-10-22,15.93,20.1,0.4(2.03 %),4492325,89521049200,0,0,19.8,20.3,19.6
2021-10-21,15.69,19.8,0(0.00 %),2210085,43548682700,0,0,19.9,20.0,19.6
2021-10-20,15.77,19.9,0.3(1.53 %),2967217,58628111800,0,0,19.7,20.1,19.5
2021-10-19,15.61,19.7,-0.1(-0.51 %),3051061,59948235700,0,0,19.8,19.8,19.5
2021-10-18,15.77,19.9,-0.2(-1.00 %),4708338,93401996100,0,0,20.1,20.2,19.7
2021-10-15,16.0,20.2,-0.1(-0.49 %),3332301,67076425500,0,0,20.3,20.4,20.0
2021-10-14,16.08,20.3,-0.4(-1.93 %),3148394,63892778400,0,0,20.6,20.7,20.2
2021-10-13,16.24,20.5,0.5(2.50 %),4966206,102733756200,0,0,20.4,21.3,20.4
2021-10-12,16.16,20.4,0.4(2.00 %),4078880,81614807100,200000,3900000000,20.1,20.4,19.5
2021-10-11,15.93,20.1,-0.3(-1.47 %),5110248,102126888500,4800,100800000,20.6,21.0,19.8
2021-10-08,16.16,20.4,-0.3(-1.45 %),2819923,57517874800,0,0,20.8,20.8,20.2
2021-10-07,16.4,20.7,0.4(1.97 %),3147929,65040726700,0,0,20.6,20.9,20.4
2021-10-06,16.32,20.6,0.8(4.04 %),5142978,104563293100,0,0,19.8,20.8,19.8
2021-10-05,15.77,19.9,0.2(1.02 %),2279288,45087498700,0,0,19.7,20.0,19.6
2021-10-04,15.61,19.7,-0.5(-2.48 %),3827098,75574821100,0,0,20.0,20.0,19.5
2021-10-01,15.85,20.0,-0.3(-1.48 %),3048962,61476742800,0,0,20.3,20.5,19.8
2021-09-30,16.16,20.4,0.2(0.99 %),1923971,39024075000,0,0,20.4,20.5,20.1
2021-09-29,16.24,20.5,0.8(4.06 %),3750956,75902471200,1000000,20000000000,19.9,20.7,19.7
2021-09-28,15.77,19.9,-0.4(-1.97 %),3791710,74778037300,0,0,19.8,20.0,19.3
2021-09-27,15.69,19.8,-1.3(-6.16 %),8987836,182401318000,0,0,21.1,21.1,19.7
2021-09-24,16.64,21.0,-0.4(-1.87 %),5101873,107749162900,0,0,21.4,21.5,20.8
2021-09-23,16.8,21.2,-0.3(-1.40 %),5380371,115159612900,50000,1050000000,21.7,22.0,21.0
2021-09-22,17.11,21.6,0.7(3.35 %),7684065,164987488300,0,0,21.2,21.7,20.9
2021-09-21,16.8,21.2,-0.4(-1.85 %),5434299,113609580900,5210000,109410000000,21.5,21.5,20.5
2021-09-20,16.88,21.3,0.2(0.95 %),9706864,209452307900,540000,10800000000,21.3,22.0,20.0
2021-09-17,16.88,21.3,0.4(1.91 %),10070467,212881944800,500000,10000000000,20.9,21.5,20.0
2021-09-16,16.56,20.9,0(0.00 %),3721536,77599665200,0,0,21.0,21.0,20.7
2021-09-15,16.48,20.8,0.1(0.48 %),5848214,122183078900,0,0,20.8,21.2,20.4
2021-09-14,16.32,20.6,-0.2(-0.96 %),5961719,123490732000,300000,5900000000,20.7,21.5,19.5
2021-09-13,16.32,20.6,-0.6(-2.83 %),7045690,146608885900,1240000,24800000000,21.5,21.6,20.0
2021-09-10,16.8,21.2,0.1(0.47 %),3771344,79940537800,500000,10000000000,21.2,21.4,20.0
2021-09-09,16.8,21.2,0.3(1.44 %),4591310,97029707800,1200000,24000000000,20.8,21.6,20.0
2021-09-08,16.48,20.8,-0.6(-2.80 %),5950877,124365289600,651000,13018200000,21.0,21.5,18.2
2021-09-07,16.64,21.0,-1.1(-4.98 %),9702788,207632525500,5200000,99000000000,22.0,22.0,19.0
2021-09-06,17.35,21.9,-0.1(-0.45 %),13781369,305068162800,5700000,109000000000,22.1,23.0,19.0
2021-09-01,17.67,22.3,0.3(1.36 %),9509873,209512338600,1000000,20000000000,21.8,22.4,20.0
2021-08-31,17.27,21.8,0(0.00 %),12854218,282515413200,3100000,60500000000,22.2,22.5,19.5
2021-08-30,17.51,22.1,1.7(8.33 %),14401494,314257146400,300000,5850000000,20.8,22.5,19.5
2021-08-27,16.48,20.8,0.8(4.00 %),6731437,137305657000,900000,17300000000,20.3,21.2,19.0
2021-08-26,15.85,20.0,0.8(4.17 %),3037934,60610652100,4600000,89400000000,19.3,20.3,19.0
2021-08-25,15.29,19.3,-0.8(-3.98 %),5084578,97553861000,1000000,19000000000,19.8,19.8,18.8
2021-08-24,15.45,19.5,-1.6(-7.58 %),8941894,180027474600,7200000,133200000000,20.9,21.0,18.5
2021-08-23,16.56,20.9,-0.3(-1.42 %),5591317,117751144300,0,0,21.2,21.5,20.8
2021-08-20,16.64,21.0,0.3(1.45 %),9603107,203765741100,0,0,21.2,21.7,20.7
2021-08-19,16.8,21.2,0.9(4.43 %),14647913,303426993000,0,0,20.3,21.8,19.7
2021-08-18,16.0,20.2,-0.3(-1.46 %),4949685,100318864000,0,0,20.3,20.7,20.0
2021-08-17,16.08,20.3,-0.3(-1.46 %),6929755,141930234200,0,0,21.0,21.2,20.1
2021-08-16,16.56,20.9,1.2(6.09 %),10567985,217259795800,250000,5000000000,19.8,21.3,19.7
2021-08-13,15.61,19.7,0.4(2.07 %),4449424,87435016800,0,0,19.6,20.2,19.2
2021-08-12,15.53,19.6,0.7(3.70 %),6770440,130335543500,200000,3800000000,18.8,19.7,18.6
2021-08-11,14.9,18.8,-0.6(-3.09 %),3841835,72619526000,249999,4249983000,19.2,19.2,17.0
2021-08-10,15.21,19.2,-0.2(-1.03 %),2643450,51226994000,0,0,19.5,19.7,19.2
2021-08-09,15.45,19.5,1(5.41 %),3946273,76669132900,600000,11100000000,18.9,19.7,18.5
2021-08-06,14.9,18.8,1.3(7.43 %),8592475,158532551700,0,0,17.5,19.4,17.4
2021-08-05,13.87,17.5,-0.1(-0.57 %),1327900,23247870000,0,0,17.6,17.6,17.4
2021-08-04,13.94,17.6,-0.1(-0.56 %),1372760,24194170000,0,0,17.7,17.8,17.5
2021-08-03,14.02,17.7,-0.1(-0.56 %),1560880,27608459000,0,0,17.8,17.8,17.5
2021-08-02,14.1,17.8,0.1(0.56 %),2904870,51701365300,0,0,18.0,18.2,17.6
2021-07-30,13.94,17.6,-0.1(-0.56 %),1121942,19829647600,168034,2940595000,17.9,18.0,17.5
2021-07-29,14.1,17.8,0.4(2.30 %),2618680,46456809000,100000,1800000000,17.4,18.4,17.4
2021-07-28,13.79,17.4,0.1(0.58 %),618900,10742530000,313200,5637600000,17.4,18.0,17.2
2021-07-27,13.79,17.4,0.2(1.16 %),805210,13948475000,1262400,22723200000,17.4,18.0,17.2
2021-07-26,13.63,17.2,-0.4(-2.27 %),2006323,34421960300,1426600,25978800000,17.6,19.0,16.9
2021-07-23,13.94,17.6,-0.1(-0.56 %),1046943,18444411100,12588000,221484000000,18.0,18.0,17.5
2021-07-22,14.18,17.9,0.3(1.70 %),1759413,31120340500,2020000,35415000000,17.6,19.0,17.5
2021-07-21,13.87,17.5,-0.2(-1.13 %),1755300,30875970000,2725000,47825000000,17.6,18.0,17.4
2021-07-20,14.02,17.7,-0.1(-0.56 %),1254600,22225750000,2500000,43750000000,17.5,17.9,17.5
2021-07-19,13.94,17.6,-0.9(-4.86 %),1950225,34723237500,13550000,239625000000,18.1,18.5,17.1
2021-07-16,14.82,18.7,1.1(6.25 %),2487407,46083156700,3753000,66677500000,18.0,19.0,17.5
2021-07-15,14.02,17.7,0.1(0.57 %),774550,13627025000,96284,1733112000,17.7,18.0,17.3
2021-07-14,13.94,17.6,-0.1(-0.56 %),965646,17007130500,11740000,201187000000,17.7,18.0,17.0
2021-07-13,14.02,17.7,0.4(2.31 %),1402333,24791037400,350000,6650000000,17.3,19.0,17.3
2021-07-12,13.94,17.6,-1.4(-7.37 %),3341530,57831764900,301300,5722100000,18.9,19.0,16.3
2021-07-09,14.9,18.8,-0.5(-2.59 %),1477900,28040180000,291362,5070997000,19.2,19.6,16.5
2021-07-08,15.21,19.2,0.1(0.52 %),1681480,32505499000,4616624,85406344000,19.3,19.9,19.0
2021-07-07,15.21,19.2,-1.2(-5.88 %),1958966,37435418800,286666,5182821400,18.6,19.7,17.4
2021-07-06,15.53,19.6,-1.4(-6.67 %),3002930,61201101000,2349562,42058856100,21.1,21.1,17.9
2021-07-05,16.72,21.1,0.2(0.96 %),3616200,75820920000,9437549,168587372200,21.6,21.6,17.8
2021-07-02,16.96,21.4,2(10.31 %),3718846,77803765700,2641129,45237214200,20.0,21.7,16.5
2021-07-01,15.77,19.9,1.6(8.74 %),3808900,73955120000,5728231,99324093000,18.5,20.2,16.0
2021-06-30,14.42,18.2,-0.6(-3.19 %),1322400,24222200000,3284666,56905072000,18.8,19.0,16.0
2021-06-29,14.82,18.7,1.6(9.36 %),2238010,42017973000,6976439,109109085000,18.0,19.6,15.0
2021-06-28,14.26,18.0,1.1(6.51 %),4719009,80888783000,1797272,28661424000,17.3,18.2,15.0
2021-06-25,13.71,17.3,0.6(3.59 %),1927700,32575400000,2875800,45737000000,16.7,18.0,15.0
2021-06-24,13.23,16.7,-0.3(-1.76 %),953500,15911690000,3164500,47467500000,16.9,16.9,15.0
2021-06-23,13.39,16.9,-0.2(-1.17 %),1354900,23084700000,3021000,45315000000,17.2,17.6,15.0
2021-06-22,13.71,17.3,-0.4(-2.26 %),1160110,19868860300,0,0,17.7,18.6,17.0
2021-06-21,14.18,17.9,0.7(4.07 %),48205,853467500,260000,3900000000,18.0,18.0,17.5
2021-06-18,14.18,17.9,0.5(2.87 %),245700,4229480000,2427800,36106240000,18.0,18.5,14.8
2021-06-17,13.94,17.6,0.5(2.92 %),27622,480956000,165000,2475000000,17.3,17.7,15.0
2021-06-16,12.99,16.4,0.2(1.23 %),167910,2864542000,6227200,86892000000,16.5,18.0,13.8
2021-06-15,12.91,16.3,-0.2(-1.21 %),22200,358630000,4900000,69090000000,16.6,16.6,14.1
2021-06-14,13.07,16.5,0.2(1.23 %),11800,194560000,5430000,75477000000,16.3,16.6,13.9
2021-06-11,13.07,16.5,0.8(5.10 %),17601,287215800,5600000,75040000000,16.4,16.6,13.4
2021-06-10,12.91,16.3,0.7(4.49 %),44100,692720000,0,0,15.6,17.0,15.0
2021-06-09,12.44,15.7,0.1(0.64 %),8100,126680000,5750000,76475000000,15.0,15.7,13.3
2021-06-08,12.12,15.3,0.4(2.68 %),41800,650470000,5810000,73787000000,15.5,17.0,12.7
2021-06-07,11.49,14.5,-2(-12.12 %),174964,2609154000,0,0,16.5,16.5,14.5
2021-06-04,13.47,17.0,0(0.00 %),12300,202800000,4820000,69890000000,17.0,17.0,14.5
2021-06-03,13.47,17.0,0(0.00 %),54700,929900000,413700,5998650000,17.0,17.0,14.5
2021-06-02,13.79,17.4,-1.9(-9.84 %),44100,749340000,0,0,17.4,17.4,16.8
2021-06-01,15.29,19.3,-3.2(-14.22 %),19400,374420000,0,0,19.3,19.3,19.3
2021-05-31,17.83,22.5,2.5(12.50 %),1200,27000000,0,0,22.5,22.5,22.5
2021-05-28,15.85,20.0,2.5(14.29 %),1000,20000000,0,0,20.0,20.0,20.0
2021-05-27,13.87,17.5,0(0.00 %),0,0,0,0,17.5,17.5,17.5
2021-05-26,13.87,17.5,-0.4(-2.23 %),100,1750000,0,0,17.5,17.5,17.5
2021-05-25,13.87,17.5,0.5(2.94 %),1500,26800000,0,0,18.0,18.0,17.5
2021-05-24,13.47,17.0,-3(-15.00 %),200,3400000,0,0,17.0,17.0,17.0
2021-05-21,15.85,20.0,0(0.00 %),64,1088000,0,0,20.0,20.0,20.0
2021-05-20,15.85,20.0,0(0.00 %),0,0,0,0,20.0,20.0,20.0
2021-05-19,15.85,20.0,0(0.00 %),0,0,0,0,20.0,20.0,20.0
2021-05-18,15.85,20.0,0(0.00 %),2900,58000000,0,0,20.0,20.0,20.0
2021-05-17,15.85,20.0,0(0.00 %),1207,24140000,0,0,20.0,20.0,20.0
2021-05-14,15.85,20.0,0(0.00 %),1000,20000000,0,0,20.0,20.0,20.0
2021-05-13,15.85,20.0,0(0.00 %),0,0,0,0,20.0,20.0,20.0
2021-05-12,15.85,20.0,0(0.00 %),100,2000000,0,0,20.0,20.0,20.0
2021-05-11,15.85,20.0,0.5(2.56 %),100,2000000,0,0,20.0,20.0,20.0
2021-05-07,15.85,20.0,1.3(6.95 %),3200,63800000,0,0,19.0,20.0,19.0
2021-05-06,15.05,19.0,1.2(6.74 %),1100,20600000,0,0,18.0,19.0,18.0
2021-05-05,14.1,17.8,0.1(0.56 %),1500,26740000,0,0,17.8,18.0,17.8
2021-05-04,14.02,17.7,-0.6(-3.28 %),100,1770000,0,0,17.7,17.7,17.7
2021-04-29,14.5,18.3,0(0.00 %),0,0,0,0,18.3,18.3,18.3
2021-04-28,14.66,18.5,0.8(4.52 %),900,16440000,0,0,18.0,18.5,18.0
2021-04-27,14.26,18.0,0.8(4.65 %),300,5310000,0,0,17.2,18.0,17.2
2021-04-26,14.66,18.5,-1(-5.13 %),1451,24933000,0,0,18.0,18.5,17.0
2021-04-23,15.45,19.5,0.5(2.63 %),420,8200000,0,0,19.5,19.5,19.5
2021-04-22,15.05,19.0,0(0.00 %),700,13300000,0,0,19.0,19.0,19.0
2021-04-20,15.05,19.0,-0.7(-3.55 %),1000,19000000,0,0,19.0,19.0,19.0
2021-04-19,15.61,19.7,0(0.00 %),0,0,0,0,19.7,19.7,19.7
2021-04-16,15.61,19.7,0(0.00 %),7,137200,0,0,19.7,19.7,19.7
2021-04-15,15.53,19.6,-0.5(-2.49 %),1300,25570000,0,0,20.0,20.0,19.6
2021-04-14,16.32,20.6,0(0.00 %),1000,20120000,0,0,20.0,20.6,20.0
2021-04-13,15.85,20.0,1.4(7.53 %),2400,49510000,0,0,19.5,21.3,19.5
2021-04-12,14.74,18.6,0.2(1.09 %),300,5590000,0,0,18.7,18.7,18.6
2021-04-09,14.58,18.4,0(0.00 %),0,0,0,0,18.4,18.4,18.4
2021-04-08,14.58,18.4,0(0.00 %),0,0,0,0,18.4,18.4,18.4
2021-04-07,14.26,18.0,-0.5(-2.70 %),1000,18350000,0,0,18.5,18.5,18.0
2021-04-06,14.66,18.5,-3.2(-14.75 %),100,1850000,0,0,18.5,18.5,18.5
2021-04-05,17.19,21.7,0(0.00 %),0,0,0,0,21.7,21.7,21.7
2021-04-02,17.43,22.0,0(0.00 %),300,6500000,0,0,21.5,22.0,21.5
2021-04-01,17.43,22.0,0(0.00 %),0,0,0,0,22.0,22.0,22.0
2021-03-31,17.43,22.0,0(0.00 %),0,0,0,0,22.0,22.0,22.0
2021-03-30,17.43,22.0,0(0.00 %),500,11000000,0,0,22.0,22.0,22.0
2021-03-29,17.43,22.0,0(0.00 %),500,11000000,0,0,22.0,22.0,22.0
2021-03-26,18.62,23.5,1.8(8.29 %),1400,30860000,0,0,21.0,24.9,21.0
2021-03-25,17.27,21.8,2.8(14.74 %),1400,30410000,0,0,21.5,21.8,21.5
2021-03-24,15.45,19.5,2.5(14.71 %),1300,24680000,0,0,18.0,19.5,18.0
2021-03-23,13.47,17.0,-1(-5.56 %),100,1700000,0,0,17.0,17.0,17.0
2021-03-22,14.26,18.0,0(0.00 %),0,0,0,0,18.0,18.0,18.0
2021-03-19,14.26,18.0,0(0.00 %),0,0,0,0,18.0,18.0,18.0
2021-03-18,14.26,18.0,0(0.00 %),0,0,0,0,18.0,18.0,18.0
2021-03-17,14.26,18.0,-0.3(-1.64 %),107,1926000,0,0,18.0,18.0,18.0
2021-03-16,14.5,18.3,0(0.00 %),200,3660000,0,0,18.3,18.3,18.3
2021-03-15,13.55,17.1,0(0.00 %),2200,40220000,0,0,18.4,18.4,17.1
2021-03-12,13.55,17.1,0(0.00 %),0,0,0,0,17.1,17.1,17.1
2021-03-11,13.55,17.1,0(0.00 %),0,0,0,0,17.1,17.1,17.1
2021-03-10,13.55,17.1,0(0.00 %),1020,17442000,0,0,17.1,17.1,17.1
2021-03-09,13.55,17.1,0(0.00 %),600,10260000,0,0,17.1,17.1,17.1
2021-03-05,13.55,17.1,0(0.00 %),0,0,0,0,17.1,17.1,17.1
2021-03-04,13.47,17.0,-2.2(-11.46 %),947,16226800,0,0,17.5,17.5,16.5
2021-03-03,15.21,19.2,0(0.00 %),0,0,0,0,19.2,19.2,19.2
2021-03-02,15.21,19.2,0(0.00 %),600,11520000,0,0,19.2,19.2,19.2
2021-03-01,15.05,19.0,-0.8(-4.04 %),1700,32700000,0,0,20.0,20.0,19.0
2021-02-26,15.69,19.8,0(0.00 %),0,0,0,0,19.8,19.8,19.8
2021-02-25,15.69,19.8,0(0.00 %),0,0,0,0,19.8,19.8,19.8
2021-02-24,15.69,19.8,-0.1(-0.50 %),800,15840000,0,0,19.8,19.8,19.8
2021-02-23,15.93,20.1,0.4(2.03 %),1100,21840000,0,0,19.7,20.1,19.7
2021-02-22,15.45,19.5,0(0.00 %),500,9850000,0,0,20.0,20.0,19.5
2021-02-19,15.45,19.5,0(0.00 %),400,7800000,0,0,19.5,19.5,19.5
2021-02-18,15.45,19.5,0(0.00 %),0,0,0,0,19.5,19.5,19.5
2021-02-17,15.45,19.5,0(0.00 %),0,0,0,0,19.5,19.5,19.5
2021-02-05,15.45,19.5,0(0.00 %),0,0,0,0,19.5,19.5,19.5
2021-02-04,15.45,19.5,0(0.00 %),0,0,0,0,19.5,19.5,19.5
2021-02-03,15.45,19.5,2.5(14.71 %),100,1950000,0,0,19.5,19.5,19.5
2021-02-02,13.47,17.0,0(0.00 %),0,0,0,0,17.0,17.0,17.0
2021-02-01,13.47,17.0,0(0.00 %),0,0,0,0,17.0,17.0,17.0
2021-01-29,13.47,17.0,0(0.00 %),100,1700000,0,0,17.0,17.0,17.0
2021-01-28,13.47,17.0,0(0.00 %),200,3400000,0,0,17.0,17.0,17.0
2021-01-27,13.47,17.0,0(0.00 %),500,8500000,0,0,17.0,17.0,17.0
2021-01-26,13.47,17.0,-1(-5.56 %),100,1700000,0,0,17.0,17.0,17.0
2021-01-25,14.26,18.0,-2(-10.00 %),100,1800000,0,0,18.0,18.0,18.0
2021-01-22,15.85,20.0,0(0.00 %),3,59400,0,0,20.0,20.0,20.0
2021-01-21,15.85,20.0,1(5.26 %),200,4000000,0,0,20.0,20.0,20.0
2021-01-20,15.05,19.0,0(0.00 %),0,0,0,0,19.0,19.0,19.0
2021-01-19,15.05,19.0,0(0.00 %),0,0,0,0,19.0,19.0,19.0
2021-01-18,15.05,19.0,0(0.00 %),0,0,0,0,19.0,19.0,19.0
2021-01-15,15.05,19.0,1.1(6.15 %),100,1900000,0,0,19.0,19.0,19.0
2021-01-14,14.18,17.9,-3.1(-14.76 %),200,3580000,0,0,17.9,17.9,17.9
2021-01-13,16.64,21.0,0(0.00 %),160,3348000,0,0,21.0,21.0,21.0
2021-01-12,16.64,21.0,1.4(7.14 %),500,10500000,0,0,21.0,21.0,21.0
2021-01-11,15.61,19.7,-3.1(-13.60 %),2700,53050000,0,0,19.4,20.0,19.4
2021-01-08,16.0,20.2,-3.5(-14.77 %),400,9110000,0,0,23.7,23.7,20.2
2021-01-07,18.78,23.7,0(0.00 %),0,0,0,0,23.7,23.7,23.7
2021-01-06,18.86,23.8,3.1(14.98 %),7800,185200000,0,0,23.0,23.8,23.0
2021-01-05,16.64,21.0,2.1(11.11 %),1800,37230000,0,0,21.0,21.4,19.5
2021-01-04,15.45,19.5,2.5(14.71 %),1302,24547000,0,0,18.5,19.5,18.5
2020-12-31,13.47,17.0,2(13.33 %),2800,47700000,0,0,17.0,17.2,17.0
2020-12-30,11.88,15.0,-2.5(-14.29 %),1000,15000000,0,0,15.0,15.0,15.0
2020-12-29,13.87,17.5,0(0.00 %),0,0,0,0,17.5,17.5,17.5
2020-12-28,13.87,17.5,0(0.00 %),0,0,0,0,17.5,17.5,17.5
2020-12-25,13.87,17.5,0(0.00 %),200,3500000,0,0,17.5,17.5,17.5
2020-12-24,13.87,17.5,0(0.00 %),0,0,0,0,17.5,17.5,17.5
2020-12-23,13.87,17.5,0(0.00 %),100,1750000,0,0,17.5,17.5,17.5
2020-12-22,13.87,17.5,0(0.00 %),0,0,0,0,17.5,17.5,17.5
2020-12-21,13.87,17.5,0(0.00 %),200,3500000,0,0,17.5,17.5,17.5
2020-12-18,13.87,17.5,0.5(2.94 %),900,15750000,0,0,17.5,17.5,17.5
2020-12-17,13.47,17.0,0(0.00 %),0,0,0,0,17.0,17.0,17.0
2020-12-16,13.47,17.0,0.9(5.59 %),300,5100000,0,0,17.0,17.0,17.0
2020-12-15,12.76,16.1,0(0.00 %),0,0,0,0,16.1,16.1,16.1
2020-12-14,12.76,16.1,0(0.00 %),0,0,0,0,16.1,16.1,16.1
2020-12-11,12.76,16.1,0(0.00 %),0,0,0,0,16.1,16.1,16.1
2020-12-10,12.76,16.1,0(0.00 %),0,0,0,0,16.1,16.1,16.1
2020-12-09,12.76,16.1,0(0.00 %),0,0,0,0,16.1,16.1,16.1
2020-12-08,12.76,16.1,0(0.00 %),0,0,0,0,16.1,16.1,16.1
2020-12-07,12.76,16.1,0(0.00 %),0,0,0,0,16.1,16.1,16.1
2020-12-04,12.76,16.1,0(0.00 %),0,0,0,0,16.1,16.1,16.1
2020-12-03,12.76,16.1,0(0.00 %),0,0,0,0,16.1,16.1,16.1
2020-12-02,12.76,16.1,0(0.00 %),0,0,0,0,16.1,16.1,16.1
2020-12-01,12.76,16.1,0(0.00 %),0,0,0,0,16.1,16.1,16.1
2020-11-30,12.76,16.1,0(0.00 %),0,0,0,0,16.1,16.1,16.1
2020-11-26,12.76,16.1,0(0.00 %),0,0,0,0,16.1,16.1,16.1
2020-11-25,12.76,16.1,2.1(15.00 %),1300,20920000,0,0,16.0,16.1,16.0
2020-11-24,11.09,14.0,-1(-6.67 %),100,1400000,0,0,14.0,14.0,14.0
2020-11-20,11.88,15.0,0(0.00 %),0,0,0,0,15.0,15.0,15.0
2020-11-19,11.88,15.0,0(0.00 %),0,0,0,0,15.0,15.0,15.0
2020-11-18,11.88,15.0,0(0.00 %),0,0,0,0,15.0,15.0,15.0
2020-11-17,11.88,15.0,0(0.00 %),0,0,0,0,15.0,15.0,15.0
2020-11-16,11.88,15.0,0(0.00 %),0,0,0,0,15.0,15.0,15.0
2020-11-13,11.88,15.0,0(0.00 %),0,0,0,0,15.0,15.0,15.0
2020-11-12,11.88,15.0,0(0.00 %),0,0,0,0,15.0,15.0,15.0
2020-11-11,11.88,15.0,0(0.00 %),0,0,0,0,15.0,15.0,15.0
2020-11-10,11.88,15.0,0(0.00 %),0,0,0,0,15.0,15.0,15.0
2020-11-09,11.88,15.0,0(0.00 %),0,0,0,0,15.0,15.0,15.0
2020-11-06,11.88,15.0,0(0.00 %),0,0,0,0,15.0,15.0,15.0
2020-11-05,11.88,15.0,0(0.00 %),0,0,0,0,15.0,15.0,15.0
2020-11-04,11.88,15.0,0(0.00 %),0,0,0,0,15.0,15.0,15.0
2020-11-03,11.88,15.0,0(0.00 %),0,0,0,0,15.0,15.0,15.0
2020-11-02,11.88,15.0,-1.5(-9.09 %),300,4500000,0,0,15.0,15.0,15.0
2020-10-30,13.07,16.5,0(0.00 %),0,0,0,0,16.5,16.5,16.5
2020-10-29,13.07,16.5,0(0.00 %),0,0,0,0,16.5,16.5,16.5
2020-10-28,13.07,16.5,0(0.00 %),0,0,0,0,16.5,16.5,16.5
2020-10-27,13.07,16.5,0(0.00 %),0,0,0,0,16.5,16.5,16.5
2020-10-26,13.07,16.5,0(0.00 %),0,0,0,0,16.5,16.5,16.5
2020-10-23,13.07,16.5,0(0.00 %),0,0,0,0,16.5,16.5,16.5
2020-10-22,13.07,16.5,0(0.00 %),0,0,0,0,16.5,16.5,16.5
2020-10-21,13.07,16.5,0(0.00 %),0,0,0,0,16.5,16.5,16.5
2020-10-20,13.07,16.5,0(0.00 %),0,0,0,0,16.5,16.5,16.5
2020-10-19,13.07,16.5,0(0.00 %),0,0,0,0,16.5,16.5,16.5
2020-10-16,13.07,16.5,0(0.00 %),0,0,0,0,16.5,16.5,16.5
2020-10-15,13.07,16.5,0(0.00 %),0,0,0,0,16.5,16.5,16.5
2020-10-14,13.07,16.5,0(0.00 %),0,0,0,0,16.5,16.5,16.5
2020-10-13,13.07,16.5,0(0.00 %),0,0,0,0,16.5,16.5,16.5
2020-10-12,13.07,16.5,0(0.00 %),0,0,0,0,16.5,16.5,16.5
2020-10-09,13.07,16.5,0(0.00 %),0,0,0,0,16.5,16.5,16.5
2020-10-08,13.07,16.5,0(0.00 %),0,0,0,0,16.5,16.5,16.5
2020-10-07,13.07,16.5,0(0.00 %),0,0,0,0,16.5,16.5,16.5
2020-10-06,13.07,16.5,0(0.00 %),0,0,0,0,16.5,16.5,16.5
2020-10-05,13.07,16.5,0(0.00 %),0,0,0,0,16.5,16.5,16.5
2020-10-02,13.07,16.5,0(0.00 %),0,0,0,0,16.5,16.5,16.5
2020-10-01,13.07,16.5,0(0.00 %),100,1650000,0,0,16.5,16.5,16.5
2020-09-30,13.47,17.0,1(6.25 %),500,8240000,0,0,14.5,17.0,14.5
2020-09-29,12.68,16.0,0(0.00 %),0,0,0,0,16.0,16.0,16.0
2020-09-28,12.68,16.0,0(0.00 %),100,1600000,0,0,16.0,16.0,16.0
2020-09-25,12.68,16.0,0(0.00 %),0,0,0,0,16.0,16.0,16.0
2020-09-24,12.68,16.0,0(0.00 %),0,0,0,0,16.0,16.0,16.0
2020-09-23,12.68,16.0,0(0.00 %),0,0,0,0,16.0,16.0,16.0
2020-09-22,13.79,17.4,2.2(14.47 %),1500,24000000,0,0,13.5,17.4,13.5
2020-09-21,12.04,15.2,0(0.00 %),35,535000,0,0,15.2,15.2,15.2
2020-09-18,11.88,15.0,-1.7(-10.18 %),2300,35010000,0,0,16.7,16.7,15.0
2020-09-17,13.23,16.7,0(0.00 %),0,0,0,0,16.7,16.7,16.7
2020-09-16,13.23,16.7,0(0.00 %),5,71000,0,0,16.7,16.7,16.7
2020-09-15,13.23,16.7,0(0.00 %),0,0,0,0,16.7,16.7,16.7
2020-09-14,13.23,16.7,0(0.00 %),0,0,0,0,16.7,16.7,16.7
2020-09-11,13.23,16.7,-2.8(-14.36 %),1000,16700000,0,0,16.7,16.7,16.7
2020-09-10,15.45,19.5,0(0.00 %),0,0,0,0,19.5,19.5,19.5
2020-09-09,15.45,19.5,0(0.00 %),0,0,0,0,19.5,19.5,19.5
2020-09-08,15.45,19.5,0(0.00 %),0,0,0,0,19.5,19.5,19.5
2020-09-07,15.45,19.5,0(0.00 %),100,1950000,0,0,19.5,19.5,19.5
2020-09-04,15.45,19.5,2.3(13.37 %),135,2627000,0,0,19.5,19.5,19.5
2020-09-03,13.63,17.2,0(0.00 %),0,0,0,0,17.2,17.2,17.2
2020-09-01,13.63,17.2,0(0.00 %),6,117000,0,0,17.2,17.2,17.2
2020-08-31,13.63,17.2,0(0.00 %),61,1050200,0,0,17.2,17.2,17.2
2020-08-28,14.26,18.0,1.8(11.11 %),5000,85970000,0,0,16.7,18.0,16.7
2020-08-27,12.84,16.2,0(0.00 %),0,0,0,0,16.2,16.2,16.2
2020-08-26,12.84,16.2,0(0.00 %),1,18600,0,0,16.2,16.2,16.2
2020-08-25,12.84,16.2,0(0.00 %),0,0,0,0,16.2,16.2,16.2
2020-08-24,12.84,16.2,0(0.00 %),0,0,0,0,16.2,16.2,16.2
2020-08-21,12.84,16.2,0(0.00 %),0,0,0,0,16.2,16.2,16.2
2020-08-20,12.84,16.2,0(0.00 %),0,0,0,0,16.2,16.2,16.2
2020-08-19,12.84,16.2,0(0.00 %),0,0,0,0,16.2,16.2,16.2
2020-08-18,12.84,16.2,0(0.00 %),0,0,0,0,16.2,16.2,16.2
2020-08-17,12.84,16.2,0(0.00 %),0,0,0,0,16.2,16.2,16.2
2020-08-14,12.84,16.2,0(0.00 %),0,0,0,0,16.2,16.2,16.2
2020-08-13,12.84,16.2,0(0.00 %),0,0,0,0,16.2,16.2,16.2
2020-08-12,12.84,16.2,1.2(8.00 %),100,1620000,0,0,16.2,16.2,16.2
2020-08-11,11.88,15.0,-2(-11.76 %),100,1500000,0,0,15.0,15.0,15.0
2020-08-10,13.47,17.0,0(0.00 %),0,0,0,0,17.0,17.0,17.0
2020-08-07,13.47,17.0,0(0.00 %),0,0,0,0,17.0,17.0,17.0
2020-08-06,13.47,17.0,0(0.00 %),0,0,0,0,17.0,17.0,17.0
2020-08-05,13.47,17.0,0(0.00 %),0,0,0,0,17.0,17.0,17.0
2020-08-04,13.47,17.0,0(0.00 %),0,0,0,0,17.0,17.0,17.0
2020-08-03,13.47,17.0,0(0.00 %),0,0,0,0,17.0,17.0,17.0
2020-07-31,13.47,17.0,0(0.00 %),0,0,0,0,17.0,17.0,17.0
2020-07-30,13.47,17.0,0(0.00 %),0,0,0,0,17.0,17.0,17.0
2020-07-29,13.47,17.0,0(0.00 %),0,0,0,0,17.0,17.0,17.0
2020-07-28,13.47,17.0,0(0.00 %),0,0,0,0,17.0,17.0,17.0
2020-07-27,13.47,17.0,0(0.00 %),0,0,0,0,17.0,17.0,17.0
2020-07-24,13.47,17.0,0(0.00 %),0,0,0,0,17.0,17.0,17.0
2020-07-23,13.47,17.0,0(0.00 %),0,0,0,0,17.0,17.0,17.0
2020-07-22,13.47,17.0,0(0.00 %),0,0,0,0,17.0,17.0,17.0
2020-07-21,13.47,17.0,2(13.33 %),100,1700000,0,0,17.0,17.0,17.0
2020-07-20,11.88,15.0,0(0.00 %),0,0,0,0,15.0,15.0,15.0
2020-07-17,11.88,15.0,-1.5(-9.09 %),100,1500000,0,0,15.0,15.0,15.0
2020-07-16,13.07,16.5,0(0.00 %),0,0,0,0,16.5,16.5,16.5
2020-07-15,13.07,16.5,0(0.00 %),0,0,0,0,16.5,16.5,16.5
2020-07-14,13.07,16.5,0(0.00 %),0,0,0,0,16.5,16.5,16.5
2020-07-13,13.07,16.5,0(0.00 %),0,0,0,0,16.5,16.5,16.5
2020-07-10,13.07,16.5,0(0.00 %),0,0,0,0,16.5,16.5,16.5
2020-07-09,13.07,16.5,0(0.00 %),0,0,0,0,16.5,16.5,16.5
2020-07-08,13.07,16.5,0(0.00 %),0,0,0,0,16.5,16.5,16.5
2020-07-07,13.07,16.5,0(0.00 %),0,0,0,0,16.5,16.5,16.5
2020-07-06,13.07,16.5,0(0.00 %),0,0,0,0,16.5,16.5,16.5
2020-07-03,13.07,16.5,0(0.00 %),0,0,0,0,16.5,16.5,16.5
2020-07-02,13.07,16.5,0(0.00 %),0,0,0,0,16.5,16.5,16.5
2020-07-01,13.07,16.5,0(0.00 %),300,4950000,0,0,16.5,16.5,16.5
2020-06-30,13.07,16.5,0(0.00 %),0,0,0,0,16.5,16.5,16.5
2020-06-29,13.07,16.5,0(0.00 %),0,0,0,0,16.5,16.5,16.5
2020-06-26,13.07,16.5,0(0.00 %),0,0,0,0,16.5,16.5,16.5
2020-06-25,13.07,16.5,0.1(0.61 %),300,4950000,0,0,16.5,16.5,16.5
2020-06-24,12.99,16.4,0(0.00 %),140,2268500,0,0,16.4,16.4,16.4
2020-06-23,12.84,16.2,0.1(0.62 %),1700,27900000,0,0,16.5,16.5,16.2
2020-06-22,12.76,16.1,0(0.00 %),0,0,0,0,16.1,16.1,16.1
2020-06-19,12.76,16.1,0(0.00 %),0,0,0,0,16.1,16.1,16.1
2020-06-18,12.76,16.1,0(0.00 %),37,555000,0,0,16.1,16.1,16.1
2020-06-17,12.76,16.1,0(0.00 %),40,600000,0,0,16.1,16.1,16.1
2020-06-16,12.68,16.0,-0.5(-3.03 %),4018,64797000,0,0,16.5,16.5,16.0
2020-06-15,13.07,16.5,-0.2(-1.20 %),2000,33000000,0,0,16.5,16.5,16.5
2020-06-12,13.23,16.7,0(0.00 %),0,0,0,0,16.7,16.7,16.7
2020-06-11,13.23,16.7,0(0.00 %),0,0,0,0,16.7,16.7,16.7
2020-06-10,13.23,16.7,0(0.00 %),207,3456900,0,0,16.7,16.7,16.7
2020-06-09,13.23,16.7,0.2(1.21 %),900,15030000,0,0,16.7,16.7,16.7
2020-06-08,13.07,16.5,0(0.00 %),600,9900000,0,0,16.5,16.5,16.5
2020-06-05,13.07,16.5,0.7(4.43 %),200,3300000,0,0,16.5,16.5,16.5
2020-06-04,12.52,15.8,0(0.00 %),47,742600,0,0,15.8,15.8,15.8
2020-06-03,12.28,15.5,-2.5(-13.89 %),200,3150000,0,0,16.0,16.0,15.5
2020-06-02,14.26,18.0,0(0.00 %),0,0,0,0,18.0,18.0,18.0
2020-06-01,14.26,18.0,0(0.00 %),0,0,0,0,18.0,18.0,18.0
2020-05-29,14.26,18.0,0(0.00 %),0,0,0,0,18.0,18.0,18.0
2020-05-28,14.26,18.0,0(0.00 %),0,0,0,0,18.0,18.0,18.0
2020-05-27,14.26,18.0,0(0.00 %),0,0,0,0,18.0,18.0,18.0
2020-05-26,14.26,18.0,0(0.00 %),0,0,0,0,18.0,18.0,18.0
2020-05-25,14.26,18.0,0(0.00 %),0,0,0,0,18.0,18.0,18.0
2020-05-22,14.26,18.0,0(0.00 %),10,160000,0,0,18.0,18.0,18.0
2020-05-21,14.26,18.0,0(0.00 %),0,0,0,0,18.0,18.0,18.0
2020-05-20,14.26,18.0,0(0.00 %),0,0,0,0,18.0,18.0,18.0
2020-05-19,14.26,18.0,0(0.00 %),47,846000,0,0,18.0,18.0,18.0
2020-05-18,14.26,18.0,2.2(13.92 %),100,1800000,0,0,18.0,18.0,18.0
2020-05-15,12.52,15.8,2(14.49 %),500,7900000,0,0,15.8,15.8,15.8
2020-05-14,10.93,13.8,0(0.00 %),0,0,0,0,13.8,13.8,13.8
2020-05-13,10.93,13.8,0(0.00 %),8,110400,0,0,13.8,13.8,13.8
2020-05-12,10.93,13.8,-2.2(-13.75 %),147,2078000,0,0,13.8,13.8,13.8
2020-05-11,12.68,16.0,0(0.00 %),30,420000,0,0,16.0,16.0,16.0
2020-05-08,12.68,16.0,-0.8(-4.76 %),110,1760000,0,0,16.0,16.0,16.0
2020-05-07,13.31,16.8,0(0.00 %),0,0,0,0,16.8,16.8,16.8
2020-05-06,13.31,16.8,0.8(5.00 %),200,3360000,0,0,16.8,16.8,16.8
2020-05-05,12.68,16.0,-0.2(-1.23 %),500,8000000,0,0,16.0,16.0,16.0
2020-05-04,12.84,16.2,0(0.00 %),100,1502400,0,0,16.2,16.2,16.2
2020-04-29,12.99,16.4,2.1(14.69 %),400,6470000,0,0,16.0,16.4,16.0
2020-04-28,11.33,14.3,-2.3(-13.86 %),100,1430000,0,0,14.3,14.3,14.3
2020-04-27,13.15,16.6,0(0.00 %),0,0,0,0,16.6,16.6,16.6
2020-04-24,13.15,16.6,0(0.00 %),0,0,0,0,16.6,16.6,16.6
2020-04-23,13.63,17.2,1.2(7.50 %),600,9980000,0,0,13.8,17.2,13.8
2020-04-22,12.68,16.0,0(0.00 %),0,0,0,0,16.0,16.0,16.0
2020-04-21,12.68,16.0,0(0.00 %),10,136000,0,0,16.0,16.0,16.0
2020-04-20,12.68,16.0,0(0.00 %),0,0,0,0,16.0,16.0,16.0
2020-04-17,12.68,16.0,0(0.00 %),0,0,0,0,16.0,16.0,16.0
2020-04-16,12.68,16.0,1.9(13.48 %),100,1600000,0,0,16.0,16.0,16.0
2020-04-15,11.17,14.1,-2.4(-14.55 %),600,8460000,0,0,14.1,14.1,14.1
2020-04-14,13.07,16.5,0(0.00 %),0,0,0,0,16.5,16.5,16.5
2020-04-13,13.07,16.5,-2.8(-14.51 %),7007,115615500,0,0,16.5,16.5,16.5
2020-04-10,15.29,19.3,0(0.00 %),200,3860000,0,0,19.3,19.3,19.3
2020-04-09,15.29,19.3,0(0.00 %),0,0,0,0,19.3,19.3,19.3
2020-04-08,14.66,18.5,1.6(9.47 %),7500,144380000,0,0,19.2,19.4,16.9
2020-04-07,14.66,18.5,2.1(12.80 %),1600,26970000,0,0,16.0,18.5,16.0
2020-04-06,13.63,17.2,2.1(13.91 %),2300,37750000,0,0,13.0,17.3,13.0
2020-04-03,11.88,15.0,1.5(11.11 %),3400,51400000,0,0,15.0,15.4,15.0
2020-04-01,10.7,13.5,1.7(14.41 %),300,4050000,0,0,13.5,13.5,13.5
2020-03-31,9.35,11.8,1.4(13.46 %),207,2424400,0,0,11.8,11.8,11.8
2020-03-30,8.24,10.4,0(0.00 %),0,0,0,0,10.4,10.4,10.4
2020-03-27,8.24,10.4,0(0.00 %),0,0,0,0,10.4,10.4,10.4
2020-03-26,7.53,9.5,-1.4(-12.84 %),300,3130000,0,0,10.9,10.9,9.5
2020-03-25,8.64,10.9,0(0.00 %),0,0,0,0,10.9,10.9,10.9
2020-03-24,8.64,10.9,0(0.00 %),0,0,0,0,10.9,10.9,10.9
2020-03-23,8.64,10.9,-1.6(-12.80 %),200,2180000,0,0,10.9,10.9,10.9
2020-03-20,9.9,12.5,0(0.00 %),0,0,0,0,12.5,12.5,12.5
2020-03-19,9.9,12.5,-1.6(-11.35 %),100,1250000,0,0,12.5,12.5,12.5
2020-03-18,11.17,14.1,-2.4(-14.55 %),100,1410000,0,0,14.1,14.1,14.1
2020-03-17,13.07,16.5,2(13.79 %),100,1650000,0,0,16.5,16.5,16.5
2020-03-16,11.49,14.5,-2.5(-14.71 %),100,1450000,0,0,14.5,14.5,14.5
2020-03-13,13.47,17.0,0(0.00 %),0,0,0,0,17.0,17.0,17.0
2020-03-12,13.47,17.0,0(0.00 %),0,0,0,0,17.0,17.0,17.0
2020-03-10,13.47,17.0,0(0.00 %),0,0,0,0,17.0,17.0,17.0
2020-03-09,13.47,17.0,-0.9(-5.03 %),100,1700000,0,0,17.0,17.0,17.0
2020-03-06,14.18,17.9,0(0.00 %),0,0,0,0,17.9,17.9,17.9
2020-03-05,14.18,17.9,1.9(11.88 %),200,3580000,0,0,17.9,17.9,17.9
2020-03-04,12.68,16.0,0(0.00 %),0,0,0,0,16.0,16.0,16.0
2020-03-03,12.68,16.0,0(0.00 %),0,0,0,0,16.0,16.0,16.0
2020-03-02,12.68,16.0,0(0.00 %),0,0,0,0,16.0,16.0,16.0
2020-02-28,12.68,16.0,0(0.00 %),0,0,0,0,16.0,16.0,16.0
2020-02-27,12.68,16.0,0(0.00 %),0,0,0,0,16.0,16.0,16.0
2020-02-26,12.68,16.0,-2(-11.11 %),100,1600000,0,0,16.0,16.0,16.0
2020-02-25,14.26,18.0,0(0.00 %),0,0,0,0,18.0,18.0,18.0
2020-02-24,14.26,18.0,0(0.00 %),0,0,0,0,18.0,18.0,18.0
2020-02-21,14.26,18.0,0(0.00 %),0,0,0,0,18.0,18.0,18.0
2020-02-20,14.26,18.0,0(0.00 %),0,0,0,0,18.0,18.0,18.0
2020-02-19,14.26,18.0,0(0.00 %),0,0,0,0,18.0,18.0,18.0
2020-02-18,14.26,18.0,0(0.00 %),0,0,0,0,18.0,18.0,18.0
2020-02-17,14.26,18.0,2.2(13.92 %),100,1800000,0,0,18.0,18.0,18.0
2020-02-14,12.52,15.8,0(0.00 %),0,0,0,0,15.8,15.8,15.8
2020-02-13,12.52,15.8,0(0.00 %),0,0,0,0,15.8,15.8,15.8
2020-02-12,12.52,15.8,0(0.00 %),10,181000,0,0,15.8,15.8,15.8
2020-02-11,12.52,15.8,2(14.49 %),100,1580000,0,0,15.8,15.8,15.8
2020-02-10,11.01,13.9,0.4(2.96 %),300,4130000,0,0,13.5,13.9,13.5
2020-02-07,10.7,13.5,1.3(10.66 %),300,4040000,0,0,13.4,13.5,13.4
2020-02-06,9.67,12.2,0(0.00 %),112,1366400,0,0,12.2,12.2,12.2
2020-02-05,9.67,12.2,0(0.00 %),0,0,0,0,12.2,12.2,12.2
2020-02-04,9.67,12.2,1.3(11.93 %),210,2578000,0,0,12.2,12.2,12.2
2020-02-03,8.64,10.9,0(0.00 %),0,0,0,0,10.9,10.9,10.9
2020-01-31,8.64,10.9,0(0.00 %),0,0,0,0,10.9,10.9,10.9
2020-01-30,8.64,10.9,-1.8(-14.17 %),100,1090000,0,0,10.9,10.9,10.9
2020-01-22,10.06,12.7,0(0.00 %),0,0,0,0,12.7,12.7,12.7
2020-01-21,10.06,12.7,1.6(14.41 %),100,1270000,0,0,12.7,12.7,12.7
2020-01-20,8.79,11.1,0(0.00 %),0,0,0,0,11.1,11.1,11.1
2020-01-17,8.79,11.1,0(0.00 %),0,0,0,0,11.1,11.1,11.1
2020-01-16,8.79,11.1,1.4(14.43 %),900,9990000,0,0,11.1,11.1,11.1
2020-01-15,7.69,9.7,-1.3(-11.82 %),400,3880000,0,0,9.7,9.7,9.7
2020-01-14,8.72,11.0,0(0.00 %),0,0,0,0,11.0,11.0,11.0
2020-01-13,8.72,11.0,0(0.00 %),0,0,0,0,11.0,11.0,11.0
2020-01-10,8.72,11.0,0(0.00 %),0,0,0,0,11.0,11.0,11.0
2020-01-09,8.72,11.0,0(0.00 %),0,0,0,0,11.0,11.0,11.0
2020-01-08,8.72,11.0,0(0.00 %),0,0,0,0,11.0,11.0,11.0
2020-01-07,8.72,11.0,0(0.00 %),8,88000,0,0,11.0,11.0,11.0
2020-01-06,8.72,11.0,-1.7(-13.39 %),700,7670000,0,0,11.0,11.0,10.9
2020-01-03,10.06,12.7,0(0.00 %),0,0,0,0,12.7,12.7,12.7
2020-01-02,10.06,12.7,0(0.00 %),0,0,0,0,12.7,12.7,12.7
